sticker_code,original_sticker_code,prefix,item_number,sticker_type,is_foil,team,group_name,item_name,player_name,player_club,page_number,slot_number,notes
00,00,,00,Panini Logo,TRUE,,Intro,Panini Logo,,,,,
FWC1,FWC1,FWC,1,Intro,TRUE,,Intro,Official Emblem,,,,,
FWC2,FWC2,FWC,2,Intro,TRUE,,Intro,Official Emblem,,,,,
FWC3,FWC3,FWC,3,Intro,TRUE,,Intro,Official Mascots,,,,,
FWC4,FWC4,FWC,4,Intro,TRUE,,Intro,Official Slogan,,,,,
FWC5,FWC5,FWC,5,Intro,TRUE,,Intro,Official Ball,,,,,
FWC6,FWC6,FWC,6,Intro,TRUE,,Intro,Canada - Host Countries & Cities,,,,,
FWC7,FWC7,FWC,7,Intro,TRUE,,Intro,Mexico - Host Countries & Cities,,,,,
FWC8,FWC8,FWC,8,Intro,TRUE,,Intro,USA - Host Countries & Cities,,,,,
MEX1,MEX1,MEX,1,Team Logo,TRUE,Mexico,A,Team Logo,,,,,
MEX2,MEX2,MEX,2,Player,FALSE,Mexico,A,Luis Malagón,Luis Malagón,,,,
MEX3,MEX3,MEX,3,Player,FALSE,Mexico,A,Johan Vasquez,Johan Vasquez,,,,
MEX4,MEX4,MEX,4,Player,FALSE,Mexico,A,Jorge Sánchez,Jorge Sánchez,,,,
MEX5,MEX5,MEX,5,Player,FALSE,Mexico,A,Cesar Montes,Cesar Montes,,,,
MEX6,MEX6,MEX,6,Player,FALSE,Mexico,A,Jesus Gallardo,Jesus Gallardo,,,,
MEX7,MEX7,MEX,7,Player,FALSE,Mexico,A,Israel Reyes,Israel Reyes,,,,
MEX8,MEX8,MEX,8,Player,FALSE,Mexico,A,Diego Lainez,Diego Lainez,,,,
MEX9,MEX9,MEX,9,Player,FALSE,Mexico,A,Carlos Rodriguez,Carlos Rodriguez,,,,
MEX10,MEX10,MEX,10,Player,FALSE,Mexico,A,Edson Alvarez,Edson Alvarez,,,,
MEX11,MEX11,MEX,11,Player,FALSE,Mexico,A,Orbelin Pineda,Orbelin Pineda,,,,
MEX12,MEX12,MEX,12,Player,FALSE,Mexico,A,Marcel Ruiz,Marcel Ruiz,,,,
MEX13,MEX13,MEX,13,Team Photo,FALSE,Mexico,A,Team Photo,,,,,
MEX14,MEX14,MEX,14,Player,FALSE,Mexico,A,Érick Sánchez,Érick Sánchez,,,,
MEX15,MEX15,MEX,15,Player,FALSE,Mexico,A,Hirving Lozano,Hirving Lozano,,,,
MEX16,MEX16,MEX,16,Player,FALSE,Mexico,A,Santiago Giménez,Santiago Giménez,,,,
MEX17,MEX17,MEX,17,Player,FALSE,Mexico,A,Raúl Jiménez,Raúl Jiménez,,,,
MEX18,MEX18,MEX,18,Player,FALSE,Mexico,A,Alexis Vega,Alexis Vega,,,,
MEX19,MEX19,MEX,19,Player,FALSE,Mexico,A,Roberto Alvarado,Roberto Alvarado,,,,
MEX20,MEX20,MEX,20,Player,FALSE,Mexico,A,Cesar Huerta,Cesar Huerta,,,,
RSA1,RSA1,RSA,1,Team Logo,TRUE,South Africa,A,Team Logo,,,,,
RSA2,RSA2,RSA,2,Player,FALSE,South Africa,A,Ronwen Williams,Ronwen Williams,,,,
RSA3,RSA3,RSA,3,Player,FALSE,South Africa,A,Sipho Chaine,Sipho Chaine,,,,
RSA4,RSA4,RSA,4,Player,FALSE,South Africa,A,Aubrey Modiba,Aubrey Modiba,,,,
RSA5,RSA5,RSA,5,Player,FALSE,South Africa,A,Samukele Kabini,Samukele Kabini,,,,
RSA6,RSA6,RSA,6,Player,FALSE,South Africa,A,Mbekezeli Mbokazi,Mbekezeli Mbokazi,,,,
RSA7,RSA7,RSA,7,Player,FALSE,South Africa,A,Khulumani Ndamane,Khulumani Ndamane,,,,
RSA8,RSA8,RSA,8,Player,FALSE,South Africa,A,Siyabonga Ngezana,Siyabonga Ngezana,,,,
RSA9,RSA9,RSA,9,Player,FALSE,South Africa,A,Khuliso Mudau,Khuliso Mudau,,,,
RSA10,RSA10,RSA,10,Player,FALSE,South Africa,A,Nkosinathi Sibisi,Nkosinathi Sibisi,,,,
RSA11,RSA11,RSA,11,Player,FALSE,South Africa,A,Teboho Mokoena,Teboho Mokoena,,,,
RSA12,RSA12,RSA,12,Player,FALSE,South Africa,A,Thalente Mbatha,Thalente Mbatha,,,,
RSA13,RSA13,RSA,13,Team Photo,FALSE,South Africa,A,Team Photo,,,,,
RSA14,RSA14,RSA,14,Player,FALSE,South Africa,A,Bathasi Aubaas,Bathasi Aubaas,,,,
RSA15,RSA15,RSA,15,Player,FALSE,South Africa,A,Yaya Sithole,Yaya Sithole,,,,
RSA16,RSA16,RSA,16,Player,FALSE,South Africa,A,Sipho Mbule,Sipho Mbule,,,,
RSA17,RSA17,RSA,17,Player,FALSE,South Africa,A,Lyle Foster,Lyle Foster,,,,
RSA18,RSA18,RSA,18,Player,FALSE,South Africa,A,Iqraam Rayners,Iqraam Rayners,,,,
RSA19,RSA19,RSA,19,Player,FALSE,South Africa,A,Mohau Nkota,Mohau Nkota,,,,
RSA20,RSA20,RSA,20,Player,FALSE,South Africa,A,Oswin Appollis,Oswin Appollis,,,,
KOR1,KOR1,KOR,1,Team Logo,TRUE,South Korea,A,Team Logo,,,,,
KOR2,KOR2,KOR,2,Player,FALSE,South Korea,A,Hyeon-woo Jo,Hyeon-woo Jo,,,,
KOR3,KOR3,KOR,3,Player,FALSE,South Korea,A,Seung-Gyu Kim,Seung-Gyu Kim,,,,
KOR4,KOR4,KOR,4,Player,FALSE,South Korea,A,Min-jae Kim,Min-jae Kim,,,,
KOR5,KOR5,KOR,5,Player,FALSE,South Korea,A,Yu-min Cho,Yu-min Cho,,,,
KOR6,KOR6,KOR,6,Player,FALSE,South Korea,A,Young-woo Seol,Young-woo Seol,,,,
KOR7,KOR7,KOR,7,Player,FALSE,South Korea,A,Han-beom Lee,Han-beom Lee,,,,
KOR8,KOR8,KOR,8,Player,FALSE,South Korea,A,Tae-seok Lee,Tae-seok Lee,,,,
KOR9,KOR9,KOR,9,Player,FALSE,South Korea,A,Myung-jae Lee,Myung-jae Lee,,,,
KOR10,KOR10,KOR,10,Player,FALSE,South Korea,A,Jae-sung Lee,Jae-sung Lee,,,,
KOR11,KOR11,KOR,11,Player,FALSE,South Korea,A,In-beom Hwang,In-beom Hwang,,,,
KOR12,KOR12,KOR,12,Player,FALSE,South Korea,A,Kang-in Lee,Kang-in Lee,,,,
KOR13,KOR13,KOR,13,Team Photo,FALSE,South Korea,A,Team Photo,,,,,
KOR14,KOR14,KOR,14,Player,FALSE,South Korea,A,Seung-ho Paik,Seung-ho Paik,,,,
KOR15,KOR15,KOR,15,Player,FALSE,South Korea,A,Jens Castrop,Jens Castrop,,,,
KOR16,KOR16,KOR,16,Player,FALSE,South Korea,A,Dongg-yeong Lee,Dongg-yeong Lee,,,,
KOR17,KOR17,KOR,17,Player,FALSE,South Korea,A,Gue-sung Cho,Gue-sung Cho,,,,
KOR18,KOR18,KOR,18,Player,FALSE,South Korea,A,Heung-min Son,Heung-min Son,,,,
KOR19,KOR19,KOR,19,Player,FALSE,South Korea,A,Hee-chan Hwang,Hee-chan Hwang,,,,
KOR20,KOR20,KOR,20,Player,FALSE,South Korea,A,Hyeon-Gyu Oh,Hyeon-Gyu Oh,,,,
CZE1,CZE1,CZE,1,Team Logo,TRUE,Czechia,A,Team Logo,,,,,
CZE2,CZE2,CZE,2,Player,FALSE,Czechia,A,Matej Kovar,Matej Kovar,,,,
CZE3,CZE3,CZE,3,Player,FALSE,Czechia,A,Jindrich Stanek,Jindrich Stanek,,,,
CZE4,CZE4,CZE,4,Player,FALSE,Czechia,A,Ladislav Krejci,Ladislav Krejci,,,,
CZE5,CZE5,CZE,5,Player,FALSE,Czechia,A,Vladimir Coufal,Vladimir Coufal,,,,
CZE6,CZE6,CZE,6,Player,FALSE,Czechia,A,Jaroslav Zeleny,Jaroslav Zeleny,,,,
CZE7,CZE7,CZE,7,Player,FALSE,Czechia,A,Tomas Holes,Tomas Holes,,,,
CZE8,CZE8,CZE,8,Player,FALSE,Czechia,A,David Zima,David Zima,,,,
CZE9,CZE9,CZE,9,Player,FALSE,Czechia,A,Michal Sadilek,Michal Sadilek,,,,
CZE10,CZE10,CZE,10,Player,FALSE,Czechia,A,Lukas Provod,Lukas Provod,,,,
CZE11,CZE11,CZE,11,Player,FALSE,Czechia,A,Lukas Cerv,Lukas Cerv,,,,
CZE12,CZE12,CZE,12,Player,FALSE,Czechia,A,Tomas Soucek,Tomas Soucek,,,,
CZE13,CZE13,CZE,13,Team Photo,FALSE,Czechia,A,Team Photo,,,,,
CZE14,CZE14,CZE,14,Player,FALSE,Czechia,A,Pavel Sulc,Pavel Sulc,,,,
CZE15,CZE15,CZE,15,Player,FALSE,Czechia,A,Matej Vydra,Matej Vydra,,,,
CZE16,CZE16,CZE,16,Player,FALSE,Czechia,A,Vasil Kusej,Vasil Kusej,,,,
CZE17,CZE17,CZE,17,Player,FALSE,Czechia,A,Tomas Chory,Tomas Chory,,,,
CZE18,CZE18,CZE,18,Player,FALSE,Czechia,A,Vaclav Cerny,Vaclav Cerny,,,,
CZE19,CZE19,CZE,19,Player,FALSE,Czechia,A,Adam Hlozek,Adam Hlozek,,,,
CZE20,CZE20,CZE,20,Player,FALSE,Czechia,A,Patrik Schick,Patrik Schick,,,,
CAN1,CAN1,CAN,1,Team Logo,TRUE,Canada,B,Team Logo,,,,,
CAN2,CAN2,CAN,2,Player,FALSE,Canada,B,Dayne St.Clair,Dayne St.Clair,,,,
CAN3,CAN3,CAN,3,Player,FALSE,Canada,B,Alphonso Davies,Alphonso Davies,,,,
CAN4,CAN4,CAN,4,Player,FALSE,Canada,B,Alistair Johnston,Alistair Johnston,,,,
CAN5,CAN5,CAN,5,Player,FALSE,Canada,B,Samuel Adekugbe,Samuel Adekugbe,,,,
CAN6,CAN6,CAN,6,Player,FALSE,Canada,B,Riche Larvea,Riche Larvea,,,,
CAN7,CAN7,CAN,7,Player,FALSE,Canada,B,Derek Cornelius,Derek Cornelius,,,,
CAN8,CAN8,CAN,8,Player,FALSE,Canada,B,Moïse Bombito,Moïse Bombito,,,,
CAN9,CAN9,CAN,9,Player,FALSE,Canada,B,Kamal Miller,Kamal Miller,,,,
CAN10,CAN10,CAN,10,Player,FALSE,Canada,B,Stephen Eustáquio,Stephen Eustáquio,,,,
CAN11,CAN11,CAN,11,Player,FALSE,Canada,B,Ismaël Koné,Ismaël Koné,,,,
CAN12,CAN12,CAN,12,Player,FALSE,Canada,B,Jonathan Osorio,Jonathan Osorio,,,,
CAN13,CAN13,CAN,13,Team Photo,FALSE,Canada,B,Team Photo,,,,,
CAN14,CAN14,CAN,14,Player,FALSE,Canada,B,Jacob Shaffelburg,Jacob Shaffelburg,,,,
CAN15,CAN15,CAN,15,Player,FALSE,Canada,B,Mathieu Choinière,Mathieu Choinière,,,,
CAN16,CAN16,CAN,16,Player,FALSE,Canada,B,Niko Sigur,Niko Sigur,,,,
CAN17,CAN17,CAN,17,Player,FALSE,Canada,B,Tajon Buchanan,Tajon Buchanan,,,,
CAN18,CAN18,CAN,18,Player,FALSE,Canada,B,Liam Millar,Liam Millar,,,,
CAN19,CAN19,CAN,19,Player,FALSE,Canada,B,Cyle Larin,Cyle Larin,,,,
CAN20,CAN20,CAN,20,Player,FALSE,Canada,B,Jonathan David,Jonathan David,,,,
BIH1,BIH1,BIH,1,Team Logo,TRUE,Bosnia and Herzegovina,B,Team Logo,,,,,
BIH2,BIH2,BIH,2,Player,FALSE,Bosnia and Herzegovina,B,Nikola Vasilj,Nikola Vasilj,,,,
BIH3,BIH3,BIH,3,Player,FALSE,Bosnia and Herzegovina,B,Amer Dedic,Amer Dedic,,,,
BIH4,BIH4,BIH,4,Player,FALSE,Bosnia and Herzegovina,B,Sead Kolasinac,Sead Kolasinac,,,,
BIH5,BIH5,BIH,5,Player,FALSE,Bosnia and Herzegovina,B,Tarik Muharemovic,Tarik Muharemovic,,,,
BIH6,BIH6,BIH,6,Player,FALSE,Bosnia and Herzegovina,B,Nihad Mujakic,Nihad Mujakic,,,,
BIH7,BIH7,BIH,7,Player,FALSE,Bosnia and Herzegovina,B,Nikola Katic,Nikola Katic,,,,
BIH8,BIH8,BIH,8,Player,FALSE,Bosnia and Herzegovina,B,Amir Hadziahmetovic,Amir Hadziahmetovic,,,,
BIH9,BIH9,BIH,9,Player,FALSE,Bosnia and Herzegovina,B,Benjamin Tahirovic,Benjamin Tahirovic,,,,
BIH10,BIH10,BIH,10,Player,FALSE,Bosnia and Herzegovina,B,Armin Gigovic,Armin Gigovic,,,,
BIH11,BIH11,BIH,11,Player,FALSE,Bosnia and Herzegovina,B,Ivan Sunjic,Ivan Sunjic,,,,
BIH12,BIH12,BIH,12,Player,FALSE,Bosnia and Herzegovina,B,Ivan Basic,Ivan Basic,,,,
BIH13,BIH13,BIH,13,Team Photo,FALSE,Bosnia and Herzegovina,B,Team Photo,,,,,
BIH14,BIH14,BIH,14,Player,FALSE,Bosnia and Herzegovina,B,Dzenis Burnic,Dzenis Burnic,,,,
BIH15,BIH15,BIH,15,Player,FALSE,Bosnia and Herzegovina,B,Esmir Bajraktarevic,Esmir Bajraktarevic,,,,
BIH16,BIH16,BIH,16,Player,FALSE,Bosnia and Herzegovina,B,Amar Memic,Amar Memic,,,,
BIH17,BIH17,BIH,17,Player,FALSE,Bosnia and Herzegovina,B,Ermedin Demirovic,Ermedin Demirovic,,,,
BIH18,BIH18,BIH,18,Player,FALSE,Bosnia and Herzegovina,B,Edin Dzeko,Edin Dzeko,,,,
BIH19,BIH19,BIH,19,Player,FALSE,Bosnia and Herzegovina,B,Samed Bazdar,Samed Bazdar,,,,
BIH20,BIH20,BIH,20,Player,FALSE,Bosnia and Herzegovina,B,Haris Tabakovic,Haris Tabakovic,,,,
QAT1,QAT1,QAT,1,Team Logo,TRUE,Qatar,B,Team Logo,,,,,
QAT2,QAT2,QAT,2,Player,FALSE,Qatar,B,Meshaal Barsham,Meshaal Barsham,,,,
QAT3,QAT3,QAT,3,Player,FALSE,Qatar,B,Sultan Albrake,Sultan Albrake,,,,
QAT4,QAT4,QAT,4,Player,FALSE,Qatar,B,Lucas Mendes,Lucas Mendes,,,,
QAT5,QAT5,QAT,5,Player,FALSE,Qatar,B,Homam Ahmed,Homam Ahmed,,,,
QAT6,QAT6,QAT,6,Player,FALSE,Qatar,B,Boualem Khoukhi,Boualem Khoukhi,,,,
QAT7,QAT7,QAT,7,Player,FALSE,Qatar,B,Pedro Miguel,Pedro Miguel,,,,
QAT8,QAT8,QAT,8,Player,FALSE,Qatar,B,Tarek Salman,Tarek Salman,,,,
QAT9,QAT9,QAT,9,Player,FALSE,Qatar,B,Mohamed Al-Mannai,Mohamed Al-Mannai,,,,
QAT10,QAT10,QAT,10,Player,FALSE,Qatar,B,Karim Boudiaf,Karim Boudiaf,,,,
QAT11,QAT11,QAT,11,Player,FALSE,Qatar,B,Assim Madibo,Assim Madibo,,,,
QAT12,QAT12,QAT,12,Player,FALSE,Qatar,B,Ahmed Fatehi,Ahmed Fatehi,,,,
QAT13,QAT13,QAT,13,Team Photo,FALSE,Qatar,B,Team Photo,,,,,
QAT14,QAT14,QAT,14,Player,FALSE,Qatar,B,Mohammed Waad,Mohammed Waad,,,,
QAT15,QAT15,QAT,15,Player,FALSE,Qatar,B,Abdulaziz Hatem,Abdulaziz Hatem,,,,
QAT16,QAT16,QAT,16,Player,FALSE,Qatar,B,Hassan Al-Haydos,Hassan Al-Haydos,,,,
QAT17,QAT17,QAT,17,Player,FALSE,Qatar,B,Edmilson Junior,Edmilson Junior,,,,
QAT18,QAT18,QAT,18,Player,FALSE,Qatar,B,Akram Hassan Afif,Akram Hassan Afif,,,,
QAT19,QAT19,QAT,19,Player,FALSE,Qatar,B,Ahmed Al Ganehi,Ahmed Al Ganehi,,,,
QAT20,QAT20,QAT,20,Player,FALSE,Qatar,B,Almoez Ali,Almoez Ali,,,,
SUI1,SUI1,SUI,1,Team Logo,TRUE,Switzerland,B,Team Logo,,,,,
SUI2,SUI2,SUI,2,Player,FALSE,Switzerland,B,Gregor Kobel,Gregor Kobel,,,,
SUI3,SUI3,SUI,3,Player,FALSE,Switzerland,B,Yvon Mvogo,Yvon Mvogo,,,,
SUI4,SUI4,SUI,4,Player,FALSE,Switzerland,B,Manuel Akanji,Manuel Akanji,,,,
SUI5,SUI5,SUI,5,Player,FALSE,Switzerland,B,Ricardo Rodriguez,Ricardo Rodriguez,,,,
SUI6,SUI6,SUI,6,Player,FALSE,Switzerland,B,Nico Elvedi,Nico Elvedi,,,,
SUI7,SUI7,SUI,7,Player,FALSE,Switzerland,B,Aurèle Amenda,Aurèle Amenda,,,,
SUI8,SUI8,SUI,8,Player,FALSE,Switzerland,B,Silvan Widmer,Silvan Widmer,,,,
SUI9,SWI9,SUI,9,Player,FALSE,Switzerland,B,Granit Xhaka,Granit Xhaka,,,,Corrected from SWI9
SUI10,SUI10,SUI,10,Player,FALSE,Switzerland,B,Denis Zakaria,Denis Zakaria,,,,
SUI11,SUI11,SUI,11,Player,FALSE,Switzerland,B,Remo Freuler,Remo Freuler,,,,
SUI12,SUI12,SUI,12,Player,FALSE,Switzerland,B,Fabian Rieder,Fabian Rieder,,,,
SUI13,SUI13,SUI,13,Team Photo,FALSE,Switzerland,B,Team Photo,,,,,
SUI14,SUI14,SUI,14,Player,FALSE,Switzerland,B,Ardon Jashari,Ardon Jashari,,,,
SUI15,SUI15,SUI,15,Player,FALSE,Switzerland,B,Johan Manzambi,Johan Manzambi,,,,
SUI16,SUI16,SUI,16,Player,FALSE,Switzerland,B,Michel Aebischer,Michel Aebischer,,,,
SUI17,SUI17,SUI,17,Player,FALSE,Switzerland,B,Breel Embolo,Breel Embolo,,,,
SUI18,SUI18,SUI,18,Player,FALSE,Switzerland,B,Ruben Vargas,Ruben Vargas,,,,
SUI19,SUI19,SUI,19,Player,FALSE,Switzerland,B,Dan Ndoye,Dan Ndoye,,,,
SUI20,SWI20,SUI,20,Player,FALSE,Switzerland,B,Zeki Amdouni,Zeki Amdouni,,,,Corrected from SWI20
BRA1,BRA1,BRA,1,Team Logo,TRUE,Brazil,C,Team Logo,,,,,
BRA2,BRA2,BRA,2,Player,FALSE,Brazil,C,Alisson,Alisson,,,,
BRA3,BRA3,BRA,3,Player,FALSE,Brazil,C,Bento,Bento,,,,
BRA4,BRA4,BRA,4,Player,FALSE,Brazil,C,Marquinhos,Marquinhos,,,,
BRA5,BRA5,BRA,5,Player,FALSE,Brazil,C,Éder Militão,Éder Militão,,,,
BRA6,BRA6,BRA,6,Player,FALSE,Brazil,C,Gabriel Magalhães,Gabriel Magalhães,,,,
BRA7,BRA7,BRA,7,Player,FALSE,Brazil,C,Danilo,Danilo,,,,
BRA8,BRA8,BRA,8,Player,FALSE,Brazil,C,Wesley,Wesley,,,,
BRA9,BRA9,BRA,9,Player,FALSE,Brazil,C,Lucas Paquetá,Lucas Paquetá,,,,
BRA10,BRA10,BRA,10,Player,FALSE,Brazil,C,Casemiro,Casemiro,,,,
BRA11,BRA11,BRA,11,Player,FALSE,Brazil,C,Bruno Guimarães,Bruno Guimarães,,,,
BRA12,BRA12,BRA,12,Player,FALSE,Brazil,C,Luiz Henrique,Luiz Henrique,,,,
BRA13,BRA13,BRA,13,Team Photo,FALSE,Brazil,C,Team Photo,,,,,
BRA14,BRA14,BRA,14,Player,FALSE,Brazil,C,Vinicius Júnior,Vinicius Júnior,,,,
BRA15,BRA15,BRA,15,Player,FALSE,Brazil,C,Rodrygo,Rodrygo,,,,
BRA16,BRA16,BRA,16,Player,FALSE,Brazil,C,João Pedro,João Pedro,,,,
BRA17,BRA17,BRA,17,Player,FALSE,Brazil,C,Matheus Cunha,Matheus Cunha,,,,
BRA18,BRA18,BRA,18,Player,FALSE,Brazil,C,Gabriel Martinelli,Gabriel Martinelli,,,,
BRA19,BRA19,BRA,19,Player,FALSE,Brazil,C,Raphinha,Raphinha,,,,
BRA20,BRA20,BRA,20,Player,FALSE,Brazil,C,Estévão,Estévão,,,,
MAR1,MAR1,MAR,1,Team Logo,TRUE,Morocco,C,Team Logo,,,,,
MAR2,MAR2,MAR,2,Player,FALSE,Morocco,C,Yassine Bounou,Yassine Bounou,,,,
MAR3,MAR3,MAR,3,Player,FALSE,Morocco,C,Munir El Kajoui,Munir El Kajoui,,,,
MAR4,MAR4,MAR,4,Player,FALSE,Morocco,C,Achraf Hakimi,Achraf Hakimi,,,,
MAR5,MAR5,MAR,5,Player,FALSE,Morocco,C,Noussair Mazraoui,Noussair Mazraoui,,,,
MAR6,MAR6,MAR,6,Player,FALSE,Morocco,C,Nayef Aguerd,Nayef Aguerd,,,,
MAR7,MAR7,MAR,7,Player,FALSE,Morocco,C,Roman Saiss,Roman Saiss,,,,
MAR8,MAR8,MAR,8,Player,FALSE,Morocco,C,Jawad El Yamio,Jawad El Yamio,,,,
MAR9,MAR9,MAR,9,Player,FALSE,Morocco,C,Adam Masina,Adam Masina,,,,
MAR10,MAR10,MAR,10,Player,FALSE,Morocco,C,Sofyan Amrabat,Sofyan Amrabat,,,,
MAR11,MAR11,MAR,11,Player,FALSE,Morocco,C,Azzedine Ounahi,Azzedine Ounahi,,,,
MAR12,MAR12,MAR,12,Player,FALSE,Morocco,C,Eliesse Ben Seghir,Eliesse Ben Seghir,,,,
MAR13,MAR13,MAR,13,Team Photo,FALSE,Morocco,C,Team Photo,,,,,
MAR14,MAR14,MAR,14,Player,FALSE,Morocco,C,Bilal El Khannouss,Bilal El Khannouss,,,,
MAR15,MAR15,MAR,15,Player,FALSE,Morocco,C,Ismael Saibari,Ismael Saibari,,,,
MAR16,MAR16,MAR,16,Player,FALSE,Morocco,C,Youssef En-Nesyri,Youssef En-Nesyri,,,,
MAR17,MAR17,MAR,17,Player,FALSE,Morocco,C,Abde Ezzalzouli,Abde Ezzalzouli,,,,
MAR18,MAR18,MAR,18,Player,FALSE,Morocco,C,Soufiane Rahimi,Soufiane Rahimi,,,,
MAR19,MAR19,MAR,19,Player,FALSE,Morocco,C,Brahim Diaz,Brahim Diaz,,,,
MAR20,MAR20,MAR,20,Player,FALSE,Morocco,C,Ayoub El Kaabi,Ayoub El Kaabi,,,,
HAI1,HAI1,HAI,1,Team Logo,TRUE,Haiti,C,Team Logo,,,,,
HAI2,HAI2,HAI,2,Player,FALSE,Haiti,C,Johny Placide,Johny Placide,,,,
HAI3,HAI3,HAI,3,Player,FALSE,Haiti,C,Carlens Arcus,Carlens Arcus,,,,
HAI4,HAI4,HAI,4,Player,FALSE,Haiti,C,Martin Expérience,Martin Expérience,,,,
HAI5,HAI5,HAI,5,Player,FALSE,Haiti,C,Jean-Kevin Duverne,Jean-Kevin Duverne,,,,
HAI6,HAI6,HAI,6,Player,FALSE,Haiti,C,Ricardo Adé,Ricardo Adé,,,,
HAI7,HAI7,HAI,7,Player,FALSE,Haiti,C,Duke Lacroix,Duke Lacroix,,,,
HAI8,HAI8,HAI,8,Player,FALSE,Haiti,C,Garven Metusala,Garven Metusala,,,,
HAI9,HAI9,HAI,9,Player,FALSE,Haiti,C,Hannes Delcroix,Hannes Delcroix,,,,
HAI10,HAI10,HAI,10,Player,FALSE,Haiti,C,Leverton Pierre,Leverton Pierre,,,,
HAI11,HAI11,HAI,11,Player,FALSE,Haiti,C,Danley Jean Jacques,Danley Jean Jacques,,,,
HAI12,HAI12,HAI,12,Player,FALSE,Haiti,C,Jean-Ricner Bellegarde,Jean-Ricner Bellegarde,,,,
HAI13,HAI13,HAI,13,Team Photo,FALSE,Haiti,C,Team Photo,,,,,
HAI14,HAI14,HAI,14,Player,FALSE,Haiti,C,Christopher Attys,Christopher Attys,,,,
HAI15,HAI15,HAI,15,Player,FALSE,Haiti,C,Derrick Etienne Jr,Derrick Etienne Jr,,,,
HAI16,HAI16,HAI,16,Player,FALSE,Haiti,C,Josue Casimir,Josue Casimir,,,,
HAI17,HAI17,HAI,17,Player,FALSE,Haiti,C,Ruben Providence,Ruben Providence,,,,
HAI18,HAI18,HAI,18,Player,FALSE,Haiti,C,Duckens Nazon,Duckens Nazon,,,,
HAI19,HAI19,HAI,19,Player,FALSE,Haiti,C,Louicius Deedson,Louicius Deedson,,,,
HAI20,HAI20,HAI,20,Player,FALSE,Haiti,C,Frantzdy Pierrot,Frantzdy Pierrot,,,,
SCO1,SCO1,SCO,1,Team Logo,TRUE,Scotland,C,Team Logo,,,,,
SCO2,SCO2,SCO,2,Player,FALSE,Scotland,C,Angus Gunn,Angus Gunn,,,,
SCO3,SCO3,SCO,3,Player,FALSE,Scotland,C,Jack Hendry,Jack Hendry,,,,
SCO4,SCO4,SCO,4,Player,FALSE,Scotland,C,Kieran Tierney,Kieran Tierney,,,,
SCO5,SCO5,SCO,5,Player,FALSE,Scotland,C,Aaron Hickey,Aaron Hickey,,,,
SCO6,SCO6,SCO,6,Player,FALSE,Scotland,C,Andrew Robertson,Andrew Robertson,,,,
SCO7,SCO7,SCO,7,Player,FALSE,Scotland,C,Scott McKenna,Scott McKenna,,,,
SCO8,SCO8,SCO,8,Player,FALSE,Scotland,C,John Souttar,John Souttar,,,,
SCO9,SCO9,SCO,9,Player,FALSE,Scotland,C,Anthony Ralston,Anthony Ralston,,,,
SCO10,SCO10,SCO,10,Player,FALSE,Scotland,C,Grant Hanley,Grant Hanley,,,,
SCO11,SCO11,SCO,11,Player,FALSE,Scotland,C,Scott McTominay,Scott McTominay,,,,
SCO12,SCO12,SCO,12,Player,FALSE,Scotland,C,Billy Gilmour,Billy Gilmour,,,,
SCO13,SCO13,SCO,13,Team Photo,FALSE,Scotland,C,Team Photo,,,,,
SCO14,SCO14,SCO,14,Player,FALSE,Scotland,C,Lewis Ferguson,Lewis Ferguson,,,,
SCO15,SCO15,SCO,15,Player,FALSE,Scotland,C,Ryan Christie,Ryan Christie,,,,
SCO16,SCO16,SCO,16,Player,FALSE,Scotland,C,Kenny McLean,Kenny McLean,,,,
SCO17,SCO17,SCO,17,Player,FALSE,Scotland,C,John McGinn,John McGinn,,,,
SCO18,SCO18,SCO,18,Player,FALSE,Scotland,C,Lyndon Dykes,Lyndon Dykes,,,,
SCO19,SCO19,SCO,19,Player,FALSE,Scotland,C,Che Adams,Che Adams,,,,
SCO20,SCO20,SCO,20,Player,FALSE,Scotland,C,Ben Gannon-Doak,Ben Gannon-Doak,,,,
USA1,USA1,USA,1,Team Logo,TRUE,USA,D,Team Logo,,,,,
USA2,USA2,USA,2,Player,FALSE,USA,D,Math Freese,Math Freese,,,,
USA3,USA3,USA,3,Player,FALSE,USA,D,Chris Richards,Chris Richards,,,,
USA4,USA4,USA,4,Player,FALSE,USA,D,Tim Ream,Tim Ream,,,,
USA5,USA5,USA,5,Player,FALSE,USA,D,Mark McKenzie,Mark McKenzie,,,,
USA6,USA6,USA,6,Player,FALSE,USA,D,Alex Freeman,Alex Freeman,,,,
USA7,USA7,USA,7,Player,FALSE,USA,D,Antonee Robinson,Antonee Robinson,,,,
USA8,USA8,USA,8,Player,FALSE,USA,D,Tyler Adams,Tyler Adams,,,,
USA9,USA9,USA,9,Player,FALSE,USA,D,Tanner Tessmann,Tanner Tessmann,,,,
USA10,USA10,USA,10,Player,FALSE,USA,D,Weston McKenny,Weston McKenny,,,,
USA11,USA11,USA,11,Player,FALSE,USA,D,Christian Roldan,Christian Roldan,,,,
USA12,USA12,USA,12,Player,FALSE,USA,D,Timothy Weah,Timothy Weah,,,,
USA13,USA13,USA,13,Team Photo,FALSE,USA,D,Team Photo,,,,,
USA14,USA14,USA,14,Player,FALSE,USA,D,Diego Luna,Diego Luna,,,,
USA15,USA15,USA,15,Player,FALSE,USA,D,Malik Tillman,Malik Tillman,,,,
USA16,USA16,USA,16,Player,FALSE,USA,D,Christian Pulisic,Christian Pulisic,,,,
USA17,USA17,USA,17,Player,FALSE,USA,D,Brenden Aaronson,Brenden Aaronson,,,,
USA18,USA18,USA,18,Player,FALSE,USA,D,Ricardo Pepi,Ricardo Pepi,,,,
USA19,USA19,USA,19,Player,FALSE,USA,D,Haji Wright,Haji Wright,,,,
USA20,USA20,USA,20,Player,FALSE,USA,D,Folarin Balogun,Folarin Balogun,,,,
PAR1,PAR1,PAR,1,Team Logo,TRUE,Paraguay,D,Team Logo,,,,,
PAR2,PAR2,PAR,2,Player,FALSE,Paraguay,D,Roberto Fernandez,Roberto Fernandez,,,,
PAR3,PAR3,PAR,3,Player,FALSE,Paraguay,D,Orlando Gill,Orlando Gill,,,,
PAR4,PAR4,PAR,4,Player,FALSE,Paraguay,D,Gustavo Gomez,Gustavo Gomez,,,,
PAR5,PAR5,PAR,5,Player,FALSE,Paraguay,D,Fabián Balbuena,Fabián Balbuena,,,,
PAR6,PAR6,PAR,6,Player,FALSE,Paraguay,D,Juan José Cáceres,Juan José Cáceres,,,,
PAR7,PAR7,PAR,7,Player,FALSE,Paraguay,D,Omar Alderete,Omar Alderete,,,,
PAR8,PAR8,PAR,8,Player,FALSE,Paraguay,D,Junior Alonso,Junior Alonso,,,,
PAR9,PAR9,PAR,9,Player,FALSE,Paraguay,D,Mathías Villasanti,Mathías Villasanti,,,,
PAR10,PAR10,PAR,10,Player,FALSE,Paraguay,D,Diego Gomez,Diego Gomez,,,,
PAR11,PAR11,PAR,11,Player,FALSE,Paraguay,D,Damián Bobadilla,Damián Bobadilla,,,,
PAR12,PAR12,PAR,12,Player,FALSE,Paraguay,D,Andres Cubas,Andres Cubas,,,,
PAR13,PAR13,PAR,13,Team Photo,FALSE,Paraguay,D,Team Photo,,,,,
PAR14,PAR14,PAR,14,Player,FALSE,Paraguay,D,Matias Galarza Fonda,Matias Galarza Fonda,,,,
PAR15,PAR15,PAR,15,Player,FALSE,Paraguay,D,Julio Enciso,Julio Enciso,,,,
PAR16,PAR16,PAR,16,Player,FALSE,Paraguay,D,Alejandro Romero Gamarra,Alejandro Romero Gamarra,,,,
PAR17,PAR17,PAR,17,Player,FALSE,Paraguay,D,Miguel Almirón,Miguel Almirón,,,,
PAR18,PAR18,PAR,18,Player,FALSE,Paraguay,D,Ramon Sosa,Ramon Sosa,,,,
PAR19,PAR19,PAR,19,Player,FALSE,Paraguay,D,Angel Romero,Angel Romero,,,,
PAR20,PAR20,PAR,20,Player,FALSE,Paraguay,D,Antonio Sanabria,Antonio Sanabria,,,,
AUS1,AUS1,AUS,1,Team Logo,TRUE,Australia,D,Team Logo,,,,,
AUS2,AUS2,AUS,2,Player,FALSE,Australia,D,Mathew Ryan,Mathew Ryan,,,,
AUS3,AUS3,AUS,3,Player,FALSE,Australia,D,Joe Gauci,Joe Gauci,,,,
AUS4,AUS4,AUS,4,Player,FALSE,Australia,D,Harry Souttar,Harry Souttar,,,,
AUS5,AUS5,AUS,5,Player,FALSE,Australia,D,Alessandro Circati,Alessandro Circati,,,,
AUS6,AUS6,AUS,6,Player,FALSE,Australia,D,Jordan Bos,Jordan Bos,,,,
AUS7,AUS7,AUS,7,Player,FALSE,Australia,D,Aziz Behich,Aziz Behich,,,,
AUS8,AUS8,AUS,8,Player,FALSE,Australia,D,Cameron Burgess,Cameron Burgess,,,,
AUS9,AUS9,AUS,9,Player,FALSE,Australia,D,Lewis Miller,Lewis Miller,,,,
AUS10,AUS10,AUS,10,Player,FALSE,Australia,D,Milos Degenek,Milos Degenek,,,,
AUS11,AUS11,AUS,11,Player,FALSE,Australia,D,Jackson Irvine,Jackson Irvine,,,,
AUS12,AUS12,AUS,12,Player,FALSE,Australia,D,Riley McGree,Riley McGree,,,,
AUS13,AUS13,AUS,13,Team Photo,FALSE,Australia,D,Team Photo,,,,,
AUS14,AUS14,AUS,14,Player,FALSE,Australia,D,Aiden O'Neill,Aiden O'Neill,,,,
AUS15,AUS15,AUS,15,Player,FALSE,Australia,D,Connor Metcalfe,Connor Metcalfe,,,,
AUS16,AUS16,AUS,16,Player,FALSE,Australia,D,Patrick Yazbek,Patrick Yazbek,,,,
AUS17,AUS17,AUS,17,Player,FALSE,Australia,D,Craig Goodwin,Craig Goodwin,,,,
AUS18,AUS18,AUS,18,Player,FALSE,Australia,D,Kusini Vengi,Kusini Vengi,,,,
AUS19,AUS19,AUS,19,Player,FALSE,Australia,D,Nestory Irankunda,Nestory Irankunda,,,,
AUS20,AUS20,AUS,20,Player,FALSE,Australia,D,Mohamed Touré,Mohamed Touré,,,,
TUR1,TUR1,TUR,1,Team Logo,TRUE,Türkiye,D,Team Logo,,,,,
TUR2,TUR2,TUR,2,Player,FALSE,Türkiye,D,Ugurcan Cakir,Ugurcan Cakir,,,,
TUR3,TUR3,TUR,3,Player,FALSE,Türkiye,D,Mert Muldur,Mert Muldur,,,,
TUR4,TUR4,TUR,4,Player,FALSE,Türkiye,D,Zeki Celik,Zeki Celik,,,,
TUR5,TUR5,TUR,5,Player,FALSE,Türkiye,D,Abdulkerim Bardakci,Abdulkerim Bardakci,,,,
TUR6,TUR6,TUR,6,Player,FALSE,Türkiye,D,Caglar Soyuncu,Caglar Soyuncu,,,,
TUR7,TUR7,TUR,7,Player,FALSE,Türkiye,D,Merih Demiral,Merih Demiral,,,,
TUR8,TUR8,TUR,8,Player,FALSE,Türkiye,D,Ferdi Kadioglu,Ferdi Kadioglu,,,,
TUR9,TUR9,TUR,9,Player,FALSE,Türkiye,D,Kaan Ayhan,Kaan Ayhan,,,,
TUR10,TUR10,TUR,10,Player,FALSE,Türkiye,D,Ismail Yuksek,Ismail Yuksek,,,,
TUR11,TUR11,TUR,11,Player,FALSE,Türkiye,D,Hakan Calhanoglu,Hakan Calhanoglu,,,,
TUR12,TUR12,TUR,12,Player,FALSE,Türkiye,D,Orkun Kokcu,Orkun Kokcu,,,,
TUR13,TUR13,TUR,13,Team Photo,FALSE,Türkiye,D,Team Photo,,,,,
TUR14,TUR14,TUR,14,Player,FALSE,Türkiye,D,Arda Guler,Arda Guler,,,,
TUR15,TUR15,TUR,15,Player,FALSE,Türkiye,D,Irfan Can Kahveci,Irfan Can Kahveci,,,,
TUR16,TUR16,TUR,16,Player,FALSE,Türkiye,D,Yunus Akgun,Yunus Akgun,,,,
TUR17,TUR17,TUR,17,Player,FALSE,Türkiye,D,Can Uzun,Can Uzun,,,,
TUR18,TUR18,TUR,18,Player,FALSE,Türkiye,D,Baris Alper Yilmaz,Baris Alper Yilmaz,,,,
TUR19,TUR19,TUR,19,Player,FALSE,Türkiye,D,Kerem Akturkoglu,Kerem Akturkoglu,,,,
TUR20,TUR20,TUR,20,Player,FALSE,Türkiye,D,Kenan Yildiz,Kenan Yildiz,,,,
GER1,GER1,GER,1,Team Logo,TRUE,Germany,E,Team Logo,,,,,
GER2,GER2,GER,2,Player,FALSE,Germany,E,Marc-André ter Stegen,Marc-André ter Stegen,,,,
GER3,GER3,GER,3,Player,FALSE,Germany,E,Jonathan Tah,Jonathan Tah,,,,
GER4,GER4,GER,4,Player,FALSE,Germany,E,David Raum,David Raum,,,,
GER5,GER5,GER,5,Player,FALSE,Germany,E,Nico Schlotterbeck,Nico Schlotterbeck,,,,
GER6,GER6,GER,6,Player,FALSE,Germany,E,Antonio Rüdiger,Antonio Rüdiger,,,,
GER7,GER7,GER,7,Player,FALSE,Germany,E,Waldemar Anton,Waldemar Anton,,,,
GER8,GER8,GER,8,Player,FALSE,Germany,E,Ridle Baku,Ridle Baku,,,,
GER9,GER9,GER,9,Player,FALSE,Germany,E,Maximilian Mittelstadt,Maximilian Mittelstadt,,,,
GER10,GER10,GER,10,Player,FALSE,Germany,E,Joshua Kimmich,Joshua Kimmich,,,,
GER11,GER11,GER,11,Player,FALSE,Germany,E,Florian Wirtz,Florian Wirtz,,,,
GER12,GER12,GER,12,Player,FALSE,Germany,E,Felix Nmecha,Felix Nmecha,,,,
GER13,GER13,GER,13,Team Photo,FALSE,Germany,E,Team Photo,,,,,
GER14,GER14,GER,14,Player,FALSE,Germany,E,Leon Goretzka,Leon Goretzka,,,,
GER15,GER15,GER,15,Player,FALSE,Germany,E,Jamal Musiala,Jamal Musiala,,,,
GER16,GER16,GER,16,Player,FALSE,Germany,E,Serge Gnabry,Serge Gnabry,,,,
GER17,GER17,GER,17,Player,FALSE,Germany,E,Kai Havertz,Kai Havertz,,,,
GER18,GER18,GER,18,Player,FALSE,Germany,E,Leroy Sane,Leroy Sane,,,,
GER19,GER19,GER,19,Player,FALSE,Germany,E,Karim Adeyemi,Karim Adeyemi,,,,
GER20,GER20,GER,20,Player,FALSE,Germany,E,Nick Woltemade,Nick Woltemade,,,,
CUW1,CUW1,CUW,1,Team Logo,TRUE,Curaçao,E,Team Logo,,,,,
CUW2,CUW2,CUW,2,Player,FALSE,Curaçao,E,Eloy Room,Eloy Room,,,,
CUW3,CUW3,CUW,3,Player,FALSE,Curaçao,E,Armando Obispo,Armando Obispo,,,,
CUW4,CUW4,CUW,4,Player,FALSE,Curaçao,E,Sherel Floranus,Sherel Floranus,,,,
CUW5,CUW5,CUW,5,Player,FALSE,Curaçao,E,Jurien Gaari,Jurien Gaari,,,,
CUW6,CUW6,CUW,6,Player,FALSE,Curaçao,E,Joshua Brenet,Joshua Brenet,,,,
CUW7,CUW7,CUW,7,Player,FALSE,Curaçao,E,Roshon Van Eijma,Roshon Van Eijma,,,,
CUW8,CUW8,CUW,8,Player,FALSE,Curaçao,E,Shurandy Sambo,Shurandy Sambo,,,,
CUW9,CUW9,CUW,9,Player,FALSE,Curaçao,E,Livano Comenencia,Livano Comenencia,,,,
CUW10,CUW10,CUW,10,Player,FALSE,Curaçao,E,Godfried Roemeratoe,Godfried Roemeratoe,,,,
CUW11,CUW11,CUW,11,Player,FALSE,Curaçao,E,Juninho Bacuna,Juninho Bacuna,,,,
CUW12,CUW12,CUW,12,Player,FALSE,Curaçao,E,Leandro Bacuna,Leandro Bacuna,,,,
CUW13,CUW13,CUW,13,Team Photo,FALSE,Curaçao,E,Team Photo,,,,,
CUW14,CUW14,CUW,14,Player,FALSE,Curaçao,E,Tahith Chong,Tahith Chong,,,,
CUW15,CUW15,CUW,15,Player,FALSE,Curaçao,E,Kenji Gorre,Kenji Gorre,,,,
CUW16,CUW16,CUW,16,Player,FALSE,Curaçao,E,Jearl Margaritha,Jearl Margaritha,,,,
CUW17,CUW17,CUW,17,Player,FALSE,Curaçao,E,Jurgen Locadia,Jurgen Locadia,,,,
CUW18,CUW18,CUW,18,Player,FALSE,Curaçao,E,Jeremy Antonisse,Jeremy Antonisse,,,,
CUW19,CUW19,CUW,19,Player,FALSE,Curaçao,E,Gervane Kastaneer,Gervane Kastaneer,,,,
CUW20,CUW20,CUW,20,Player,FALSE,Curaçao,E,Sontje Hansen,Sontje Hansen,,,,
CIV1,CIV1,CIV,1,Team Logo,TRUE,Ivory Coast,E,Team Logo,,,,,
CIV2,CIV2,CIV,2,Player,FALSE,Ivory Coast,E,Yahia Fofana,Yahia Fofana,,,,
CIV3,CIV3,CIV,3,Player,FALSE,Ivory Coast,E,Ghislain Konan,Ghislain Konan,,,,
CIV4,CIV4,CIV,4,Player,FALSE,Ivory Coast,E,Wilfried Singo,Wilfried Singo,,,,
CIV5,CIV5,CIV,5,Player,FALSE,Ivory Coast,E,Odilon Kossounou,Odilon Kossounou,,,,
CIV6,CIV6,CIV,6,Player,FALSE,Ivory Coast,E,Evan Ndicka,Evan Ndicka,,,,
CIV7,CIV7,CIV,7,Player,FALSE,Ivory Coast,E,Willy Boly,Willy Boly,,,,
CIV8,CIV8,CIV,8,Player,FALSE,Ivory Coast,E,Emmanuel Agbadou,Emmanuel Agbadou,,,,
CIV9,CIV9,CIV,9,Player,FALSE,Ivory Coast,E,Ousmane Diomande,Ousmane Diomande,,,,
CIV10,CIV10,CIV,10,Player,FALSE,Ivory Coast,E,Franck Kessie,Franck Kessie,,,,
CIV11,CIV11,CIV,11,Player,FALSE,Ivory Coast,E,Seko Fofana,Seko Fofana,,,,
CIV12,CIV12,CIV,12,Player,FALSE,Ivory Coast,E,Ibrahim Sangare,Ibrahim Sangare,,,,
CIV13,CIV13,CIV,13,Team Photo,FALSE,Ivory Coast,E,Team Photo,,,,,
CIV14,CIV14,CIV,14,Player,FALSE,Ivory Coast,E,Jean-Philippe Gbamin,Jean-Philippe Gbamin,,,,
CIV15,CIV15,CIV,15,Player,FALSE,Ivory Coast,E,Amad Diallo,Amad Diallo,,,,
CIV16,CIV16,CIV,16,Player,FALSE,Ivory Coast,E,Sébastien Haller,Sébastien Haller,,,,
CIV17,CIV17,CIV,17,Player,FALSE,Ivory Coast,E,Simon Adingra,Simon Adingra,,,,
CIV18,CIV18,CIV,18,Player,FALSE,Ivory Coast,E,Yan Diomande,Yan Diomande,,,,
CIV19,CIV19,CIV,19,Player,FALSE,Ivory Coast,E,Evann Guessand,Evann Guessand,,,,
CIV20,CIV20,CIV,20,Player,FALSE,Ivory Coast,E,Oumar Diakite,Oumar Diakite,,,,
ECU1,ECU1,ECU,1,Team Logo,TRUE,Ecuador,E,Team Logo,,,,,
ECU2,ECU2,ECU,2,Player,FALSE,Ecuador,E,Hernán Galíndez,Hernán Galíndez,,,,
ECU3,ECU3,ECU,3,Player,FALSE,Ecuador,E,Gonzalo Valle,Gonzalo Valle,,,,
ECU4,ECU4,ECU,4,Player,FALSE,Ecuador,E,Piero Hincapié,Piero Hincapié,,,,
ECU5,ECU5,ECU,5,Player,FALSE,Ecuador,E,Pervis Estupiñán,Pervis Estupiñán,,,,
ECU6,ECU6,ECU,6,Player,FALSE,Ecuador,E,Willian Pacho,Willian Pacho,,,,
ECU7,ECU7,ECU,7,Player,FALSE,Ecuador,E,Ángelo Preciado,Ángelo Preciado,,,,
ECU8,ECU8,ECU,8,Player,FALSE,Ecuador,E,Joel Ordóñez,Joel Ordóñez,,,,
ECU9,ECU9,ECU,9,Player,FALSE,Ecuador,E,Moises Caicedo,Moises Caicedo,,,,
ECU10,ECU10,ECU,10,Player,FALSE,Ecuador,E,Alan Franco,Alan Franco,,,,
ECU11,ECU11,ECU,11,Player,FALSE,Ecuador,E,Kendry Paez,Kendry Paez,,,,
ECU12,ECU12,ECU,12,Player,FALSE,Ecuador,E,Pedro Vite,Pedro Vite,,,,
ECU13,ECU13,ECU,13,Team Photo,FALSE,Ecuador,E,Team Photo,,,,,
ECU14,ECU14,ECU,14,Player,FALSE,Ecuador,E,John Veboah,John Veboah,,,,
ECU15,ECU15,ECU,15,Player,FALSE,Ecuador,E,Leonardo Campana,Leonardo Campana,,,,
ECU16,ECU16,ECU,16,Player,FALSE,Ecuador,E,Gonzalo Plata,Gonzalo Plata,,,,
ECU17,ECU17,ECU,17,Player,FALSE,Ecuador,E,Nilson Angulo,Nilson Angulo,,,,
ECU18,ECU18,ECU,18,Player,FALSE,Ecuador,E,Alan Minda,Alan Minda,,,,
ECU19,ECU19,ECU,19,Player,FALSE,Ecuador,E,Kevin Rodriguez,Kevin Rodriguez,,,,
ECU20,ECU20,ECU,20,Player,FALSE,Ecuador,E,Enner Valencia,Enner Valencia,,,,
NED1,NED1,NED,1,Team Logo,TRUE,Netherlands,F,Team Logo,,,,,
NED2,NED2,NED,2,Player,FALSE,Netherlands,F,Bart Verbruggen,Bart Verbruggen,,,,
NED3,NED3,NED,3,Player,FALSE,Netherlands,F,Virgil van Dijk,Virgil van Dijk,,,,
NED4,NED4,NED,4,Player,FALSE,Netherlands,F,Micky van de Ven,Micky van de Ven,,,,
NED5,NED5,NED,5,Player,FALSE,Netherlands,F,Jurrien Timber,Jurrien Timber,,,,
NED6,NED6,NED,6,Player,FALSE,Netherlands,F,Denzel Dumfries,Denzel Dumfries,,,,
NED7,NED7,NED,7,Player,FALSE,Netherlands,F,Nathan Aké,Nathan Aké,,,,
NED8,NED8,NED,8,Player,FALSE,Netherlands,F,Jeremie Frimpong,Jeremie Frimpong,,,,
NED9,NED9,NED,9,Player,FALSE,Netherlands,F,Jan Paul van Hecke,Jan Paul van Hecke,,,,
NED10,NED10,NED,10,Player,FALSE,Netherlands,F,Tijjani Reijnders,Tijjani Reijnders,,,,
NED11,NED11,NED,11,Player,FALSE,Netherlands,F,Ryan Gravenberch,Ryan Gravenberch,,,,
NED12,NED12,NED,12,Player,FALSE,Netherlands,F,Teun Koopmeiners,Teun Koopmeiners,,,,
NED13,NED13,NED,13,Team Photo,FALSE,Netherlands,F,Team Photo,,,,,
NED14,NED14,NED,14,Player,FALSE,Netherlands,F,Frenkie de Jong,Frenkie de Jong,,,,
NED15,NED15,NED,15,Player,FALSE,Netherlands,F,Xavi Simons,Xavi Simons,,,,
NED16,NED16,NED,16,Player,FALSE,Netherlands,F,Justin Kluivert,Justin Kluivert,,,,
NED17,NED17,NED,17,Player,FALSE,Netherlands,F,Memphis Depay,Memphis Depay,,,,
NED18,NED18,NED,18,Player,FALSE,Netherlands,F,Donyell Malen,Donyell Malen,,,,
NED19,NED19,NED,19,Player,FALSE,Netherlands,F,Wout Weghorst,Wout Weghorst,,,,
NED20,NED20,NED,20,Player,FALSE,Netherlands,F,Cody Gakpo,Cody Gakpo,,,,
JPN1,JPN1,JPN,1,Team Logo,TRUE,Japan,F,Team Logo,,,,,
JPN2,JPN2,JPN,2,Player,FALSE,Japan,F,Zion Suzuki,Zion Suzuki,,,,
JPN3,JPN3,JPN,3,Player,FALSE,Japan,F,Henry Heroki Mochizuki,Henry Heroki Mochizuki,,,,
JPN4,JPN4,JPN,4,Player,FALSE,Japan,F,Ayumu Seko,Ayumu Seko,,,,
JPN5,JPN5,JPN,5,Player,FALSE,Japan,F,Junnosuke Suzuki,Junnosuke Suzuki,,,,
JPN6,JPN6,JPN,6,Player,FALSE,Japan,F,Shogo Taniguchi,Shogo Taniguchi,,,,
JPN7,JPN7,JPN,7,Player,FALSE,Japan,F,Tsuyoshi Watanabe,Tsuyoshi Watanabe,,,,
JPN8,JPN8,JPN,8,Player,FALSE,Japan,F,Kaishu Sano,Kaishu Sano,,,,
JPN9,JPN9,JPN,9,Player,FALSE,Japan,F,Yuki Soma,Yuki Soma,,,,
JPN10,JPN10,JPN,10,Player,FALSE,Japan,F,Ao Tanaka,Ao Tanaka,,,,
JPN11,JPN11,JPN,11,Player,FALSE,Japan,F,Daichi Kamada,Daichi Kamada,,,,
JPN12,JPN12,JPN,12,Player,FALSE,Japan,F,Takefusa Kubo,Takefusa Kubo,,,,
JPN13,JPN13,JPN,13,Team Photo,FALSE,Japan,F,Team Photo,,,,,
JPN14,JPN14,JPN,14,Player,FALSE,Japan,F,Ritsu Doan,Ritsu Doan,,,,
JPN15,JPN15,JPN,15,Player,FALSE,Japan,F,Keito Nakamura,Keito Nakamura,,,,
JPN16,JPN16,JPN,16,Player,FALSE,Japan,F,Takumi Minamino,Takumi Minamino,,,,
JPN17,JPN17,JPN,17,Player,FALSE,Japan,F,Shuto Machino,Shuto Machino,,,,
JPN18,JPN18,JPN,18,Player,FALSE,Japan,F,Junya Ito,Junya Ito,,,,
JPN19,JPN19,JPN,19,Player,FALSE,Japan,F,Koki Ogawa,Koki Ogawa,,,,
JPN20,JPN20,JPN,20,Player,FALSE,Japan,F,Ayase Ueda,Ayase Ueda,,,,
SWE1,SWE1,SWE,1,Team Logo,TRUE,Sweden,F,Team Logo,,,,,
SWE2,SWE2,SWE,2,Player,FALSE,Sweden,F,Victor Johansson,Victor Johansson,,,,
SWE3,SWE3,SWE,3,Player,FALSE,Sweden,F,Isak Hien,Isak Hien,,,,
SWE4,SWE4,SWE,4,Player,FALSE,Sweden,F,Gabriel Gudmundsson,Gabriel Gudmundsson,,,,
SWE5,SWE5,SWE,5,Player,FALSE,Sweden,F,Emil Holm,Emil Holm,,,,
SWE6,SWE6,SWE,6,Player,FALSE,Sweden,F,Victor Nilsson Lindelöf,Victor Nilsson Lindelöf,,,,
SWE7,SWE7,SWE,7,Player,FALSE,Sweden,F,Gustaf Lagerbielke,Gustaf Lagerbielke,,,,
SWE8,SWE8,SWE,8,Player,FALSE,Sweden,F,Lucas Bergvall,Lucas Bergvall,,,,
SWE9,SWE9,SWE,9,Player,FALSE,Sweden,F,Hugo Larsson,Hugo Larsson,,,,
SWE10,SWE10,SWE,10,Player,FALSE,Sweden,F,Jesper Karlström,Jesper Karlström,,,,
SWE11,SWE11,SWE,11,Player,FALSE,Sweden,F,Yasin Ayari,Yasin Ayari,,,,
SWE12,SWE12,SWE,12,Player,FALSE,Sweden,F,Mattias Svanberg,Mattias Svanberg,,,,
SWE13,SWE13,SWE,13,Team Photo,FALSE,Sweden,F,Team Photo,,,,,
SWE14,SWE14,SWE,14,Player,FALSE,Sweden,F,Daniel Svensson,Daniel Svensson,,,,
SWE15,SWE15,SWE,15,Player,FALSE,Sweden,F,Ken Sema,Ken Sema,,,,
SWE16,SWE16,SWE,16,Player,FALSE,Sweden,F,Roony Bardghji,Roony Bardghji,,,,
SWE17,SWE17,SWE,17,Player,FALSE,Sweden,F,Dejan Kulusevski,Dejan Kulusevski,,,,
SWE18,SWE18,SWE,18,Player,FALSE,Sweden,F,Anthony Elanga,Anthony Elanga,,,,
SWE19,SWE19,SWE,19,Player,FALSE,Sweden,F,Alexander Isak,Alexander Isak,,,,
SWE20,SWE20,SWE,20,Player,FALSE,Sweden,F,Viktor Gyökeres,Viktor Gyökeres,,,,
TUN1,TUN1,TUN,1,Team Logo,TRUE,Tunisia,F,Team Logo,,,,,
TUN2,TUN2,TUN,2,Player,FALSE,Tunisia,F,Bechir Ben Said,Bechir Ben Said,,,,
TUN3,TUN3,TUN,3,Player,FALSE,Tunisia,F,Aymen Dahmen,Aymen Dahmen,,,,
TUN4,TUN4,TUN,4,Player,FALSE,Tunisia,F,Yan Valery,Yan Valery,,,,
TUN5,TUN5,TUN,5,Player,FALSE,Tunisia,F,Montassar Talbi,Montassar Talbi,,,,
TUN6,TUN6,TUN,6,Player,FALSE,Tunisia,F,Yassine Meriah,Yassine Meriah,,,,
TUN7,TUN7,TUN,7,Player,FALSE,Tunisia,F,Ali Abdi,Ali Abdi,,,,
TUN8,TUN8,TUN,8,Player,FALSE,Tunisia,F,Dylan Bronn,Dylan Bronn,,,,
TUN9,TUN9,TUN,9,Player,FALSE,Tunisia,F,Ellyes Skhiri,Ellyes Skhiri,,,,
TUN10,TUN10,TUN,10,Player,FALSE,Tunisia,F,Aissa Laidouni,Aissa Laidouni,,,,
TUN11,TUN11,TUN,11,Player,FALSE,Tunisia,F,Ferjani Sassi,Ferjani Sassi,,,,
TUN12,TUN12,TUN,12,Player,FALSE,Tunisia,F,Mohamed Ali Ben Romdhane,Mohamed Ali Ben Romdhane,,,,
TUN13,TUN13,TUN,13,Team Photo,FALSE,Tunisia,F,Team Photo,,,,,
TUN14,TUN14,TUN,14,Player,FALSE,Tunisia,F,Hannibal Mejbri,Hannibal Mejbri,,,,
TUN15,TUN15,TUN,15,Player,FALSE,Tunisia,F,Elias Achouri,Elias Achouri,,,,
TUN16,TUN16,TUN,16,Player,FALSE,Tunisia,F,Elias Saad,Elias Saad,,,,
TUN17,TUN17,TUN,17,Player,FALSE,Tunisia,F,Hazem Mastouri,Hazem Mastouri,,,,
TUN18,TUN18,TUN,18,Player,FALSE,Tunisia,F,Ismael Gharbi,Ismael Gharbi,,,,
TUN19,TUN19,TUN,19,Player,FALSE,Tunisia,F,Sayfallah Ltaief,Sayfallah Ltaief,,,,
TUN20,TUN20,TUN,20,Player,FALSE,Tunisia,F,Naim Sliti,Naim Sliti,,,,
BEL1,BEL1,BEL,1,Team Logo,TRUE,Belgium,G,Team Logo,,,,,
BEL2,BEL2,BEL,2,Player,FALSE,Belgium,G,Thibaut Courtois,Thibaut Courtois,,,,
BEL3,BEL3,BEL,3,Player,FALSE,Belgium,G,Arthur Theate,Arthur Theate,,,,
BEL4,BEL4,BEL,4,Player,FALSE,Belgium,G,Timothy Castagne,Timothy Castagne,,,,
BEL5,BEL5,BEL,5,Player,FALSE,Belgium,G,Zeno Debast,Zeno Debast,,,,
BEL6,BEL6,BEL,6,Player,FALSE,Belgium,G,Brandon Mechele,Brandon Mechele,,,,
BEL7,BEL7,BEL,7,Player,FALSE,Belgium,G,Maxim De Cuyper,Maxim De Cuyper,,,,
BEL8,BEL8,BEL,8,Player,FALSE,Belgium,G,Thomas Meunier,Thomas Meunier,,,,
BEL9,BEL9,BEL,9,Player,FALSE,Belgium,G,Youri Tielemans,Youri Tielemans,,,,
BEL10,BEL10,BEL,10,Player,FALSE,Belgium,G,Amadou Onana,Amadou Onana,,,,
BEL11,BEL11,BEL,11,Player,FALSE,Belgium,G,Nicolas Raskin,Nicolas Raskin,,,,
BEL12,BEL12,BEL,12,Player,FALSE,Belgium,G,Alexis Saelemaekers,Alexis Saelemaekers,,,,
BEL13,BEL13,BEL,13,Team Photo,FALSE,Belgium,G,Team Photo,,,,,
BEL14,BEL14,BEL,14,Player,FALSE,Belgium,G,Hans Vanaken,Hans Vanaken,,,,
BEL15,BEL15,BEL,15,Player,FALSE,Belgium,G,Kevin De Bruyne,Kevin De Bruyne,,,,
BEL16,BEL16,BEL,16,Player,FALSE,Belgium,G,Jérémy Doku,Jérémy Doku,,,,
BEL17,BEL17,BEL,17,Player,FALSE,Belgium,G,Charles De Ketelaere,Charles De Ketelaere,,,,
BEL18,BEL18,BEL,18,Player,FALSE,Belgium,G,Leandro Trossard,Leandro Trossard,,,,
BEL19,BEL19,BEL,19,Player,FALSE,Belgium,G,Loïs Openda,Loïs Openda,,,,
BEL20,BEL20,BEL,20,Player,FALSE,Belgium,G,Romelu Lukaku,Romelu Lukaku,,,,
EGY1,EGY1,EGY,1,Team Logo,TRUE,Egypt,G,Team Logo,,,,,
EGY2,EGY2,EGY,2,Player,FALSE,Egypt,G,Mohamed El Shenawy,Mohamed El Shenawy,,,,
EGY3,EGY3,EGY,3,Player,FALSE,Egypt,G,Mohamed Hany,Mohamed Hany,,,,
EGY4,EGY4,EGY,4,Player,FALSE,Egypt,G,Mohamed Hamdy,Mohamed Hamdy,,,,
EGY5,EGY5,EGY,5,Player,FALSE,Egypt,G,Yasser Ibrahim,Yasser Ibrahim,,,,
EGY6,EGY6,EGY,6,Player,FALSE,Egypt,G,Khaled Sobhi,Khaled Sobhi,,,,
EGY7,EGY7,EGY,7,Player,FALSE,Egypt,G,Ramy Rabia,Ramy Rabia,,,,
EGY8,EGY8,EGY,8,Player,FALSE,Egypt,G,Hossam Abdelmaguid,Hossam Abdelmaguid,,,,
EGY9,EGY9,EGY,9,Player,FALSE,Egypt,G,Ahmed Fatouh,Ahmed Fatouh,,,,
EGY10,EGY10,EGY,10,Player,FALSE,Egypt,G,Marwan Attia,Marwan Attia,,,,
EGY11,EGY11,EGY,11,Player,FALSE,Egypt,G,Zizo,Zizo,,,,
EGY12,EGY12,EGY,12,Player,FALSE,Egypt,G,Hamdy Fathy,Hamdy Fathy,,,,
EGY13,EGY13,EGY,13,Team Photo,FALSE,Egypt,G,Team Photo,,,,,
EGY14,EGY14,EGY,14,Player,FALSE,Egypt,G,Mohamed Lasheen,Mohamed Lasheen,,,,
EGY15,EGY15,EGY,15,Player,FALSE,Egypt,G,Emam Ashour,Emam Ashour,,,,
EGY16,EGY16,EGY,16,Player,FALSE,Egypt,G,Osama Faisal,Osama Faisal,,,,
EGY17,EGY17,EGY,17,Player,FALSE,Egypt,G,Mohamed Salah,Mohamed Salah,,,,
EGY18,EGY18,EGY,18,Player,FALSE,Egypt,G,Mostafa Mohamed,Mostafa Mohamed,,,,
EGY19,EGY19,EGY,19,Player,FALSE,Egypt,G,Trezeguet,Trezeguet,,,,
EGY20,EGY20,EGY,20,Player,FALSE,Egypt,G,Omar Marmoush,Omar Marmoush,,,,
IRN1,IRN1,IRN,1,Team Logo,TRUE,Iran,G,Team Logo,,,,,
IRN2,IRN2,IRN,2,Player,FALSE,Iran,G,Alireza Beiranvand,Alireza Beiranvand,,,,
IRN3,IRN3,IRN,3,Player,FALSE,Iran,G,Morteza Pouraliganji,Morteza Pouraliganji,,,,
IRN4,IRN4,IRN,4,Player,FALSE,Iran,G,Ehsan Hajsafi,Ehsan Hajsafi,,,,
IRN5,IRN5,IRN,5,Player,FALSE,Iran,G,Milad Mohammadi,Milad Mohammadi,,,,
IRN6,IRN6,IRN,6,Player,FALSE,Iran,G,Shojae Khalilzadeh,Shojae Khalilzadeh,,,,
IRN7,IRN7,IRN,7,Player,FALSE,Iran,G,Ramin Rezaeian,Ramin Rezaeian,,,,
IRN8,IRN8,IRN,8,Player,FALSE,Iran,G,Hossein Kanaani,Hossein Kanaani,,,,
IRN9,IRN9,IRN,9,Player,FALSE,Iran,G,Sadegh Moharrami,Sadegh Moharrami,,,,
IRN10,IRN10,IRN,10,Player,FALSE,Iran,G,Saleh Hardani,Saleh Hardani,,,,
IRN11,IRN11,IRN,11,Player,FALSE,Iran,G,Saeed Ezatolahi,Saeed Ezatolahi,,,,
IRN12,IRN12,IRN,12,Player,FALSE,Iran,G,Saman Ghoddos,Saman Ghoddos,,,,
IRN13,IRN13,IRN,13,Team Photo,FALSE,Iran,G,Team Photo,,,,,
IRN14,IRN14,IRN,14,Player,FALSE,Iran,G,Omid Noorafkan,Omid Noorafkan,,,,
IRN15,IRN15,IRN,15,Player,FALSE,Iran,G,Roozbeh Cheshmi,Roozbeh Cheshmi,,,,
IRN16,IRN16,IRN,16,Player,FALSE,Iran,G,Mohammad Mohebi,Mohammad Mohebi,,,,
IRN17,IRN17,IRN,17,Player,FALSE,Iran,G,Sardar Azmoun,Sardar Azmoun,,,,
IRN18,IRN18,IRN,18,Player,FALSE,Iran,G,Mehdi Taremi,Mehdi Taremi,,,,
IRN19,IRN19,IRN,19,Player,FALSE,Iran,G,Alireza Jahanbakhsh,Alireza Jahanbakhsh,,,,
IRN20,IRN20,IRN,20,Player,FALSE,Iran,G,Ali Gholizadeh,Ali Gholizadeh,,,,
NZL1,NZL1,NZL,1,Team Logo,TRUE,New Zealand,G,Team Logo,,,,,
NZL2,NZL2,NZL,2,Player,FALSE,New Zealand,G,Max Crocombe Payne,Max Crocombe Payne,,,,
NZL3,NZL3,NZL,3,Player,FALSE,New Zealand,G,Alex Paulsen,Alex Paulsen,,,,
NZL4,NZL4,NZL,4,Player,FALSE,New Zealand,G,Michael Boxall,Michael Boxall,,,,
NZL5,NZL5,NZL,5,Player,FALSE,New Zealand,G,Liberato Cacace,Liberato Cacace,,,,
NZL6,NZL6,NZL,6,Player,FALSE,New Zealand,G,Tim Payne,Tim Payne,,,,
NZL7,NZL7,NZL,7,Player,FALSE,New Zealand,G,Tyler Bindon,Tyler Bindon,,,,
NZL8,NZL8,NZL,8,Player,FALSE,New Zealand,G,Francis de Vries,Francis de Vries,,,,
NZL9,NZL9,NZL,9,Player,FALSE,New Zealand,G,Finn Surman,Finn Surman,,,,
NZL10,NZL10,NZL,10,Player,FALSE,New Zealand,G,Joe Bell,Joe Bell,,,,
NZL11,NZL11,NZL,11,Player,FALSE,New Zealand,G,Sarpreet Singh,Sarpreet Singh,,,,
NZL12,NZL12,NZL,12,Player,FALSE,New Zealand,G,Ryan Thomas,Ryan Thomas,,,,
NZL13,NZL13,NZL,13,Team Photo,FALSE,New Zealand,G,Team Photo,,,,,
NZL14,NZL14,NZL,14,Player,FALSE,New Zealand,G,Matthew Garbett,Matthew Garbett,,,,
NZL15,NZL15,NZL,15,Player,FALSE,New Zealand,G,Marko Stamenić,Marko Stamenić,,,,
NZL16,NZL16,NZL,16,Player,FALSE,New Zealand,G,Ben Old,Ben Old,,,,
NZL17,NZL17,NZL,17,Player,FALSE,New Zealand,G,Chris Wood,Chris Wood,,,,
NZL18,NZL18,NZL,18,Player,FALSE,New Zealand,G,Elijah Just,Elijah Just,,,,
NZL19,NZL19,NZL,19,Player,FALSE,New Zealand,G,Callum McCowatt,Callum McCowatt,,,,
NZL20,NZL20,NZL,20,Player,FALSE,New Zealand,G,Kosta Barbarouses,Kosta Barbarouses,,,,
ESP1,ESP1,ESP,1,Team Logo,TRUE,Spain,H,Team Logo,,,,,
ESP2,ESP2,ESP,2,Player,FALSE,Spain,H,Unai Simon,Unai Simon,,,,
ESP3,ESP3,ESP,3,Player,FALSE,Spain,H,Robin Le Normand,Robin Le Normand,,,,
ESP4,ESP4,ESP,4,Player,FALSE,Spain,H,Aymeric Laporte,Aymeric Laporte,,,,
ESP5,ESP5,ESP,5,Player,FALSE,Spain,H,Dean Huijsen,Dean Huijsen,,,,
ESP6,ESP6,ESP,6,Player,FALSE,Spain,H,Pedro Porro,Pedro Porro,,,,
ESP7,ESP7,ESP,7,Player,FALSE,Spain,H,Dani Carvajal,Dani Carvajal,,,,
ESP8,ESP8,ESP,8,Player,FALSE,Spain,H,Marc Cucurella,Marc Cucurella,,,,
ESP9,ESP9,ESP,9,Player,FALSE,Spain,H,Martín Zubimendi,Martín Zubimendi,,,,
ESP10,ESP10,ESP,10,Player,FALSE,Spain,H,Rodri,Rodri,,,,
ESP11,ESP11,ESP,11,Player,FALSE,Spain,H,Pedri,Pedri,,,,
ESP12,ESP12,ESP,12,Player,FALSE,Spain,H,Fabian Ruiz,Fabian Ruiz,,,,
ESP13,ESP13,ESP,13,Team Photo,FALSE,Spain,H,Team Photo,,,,,
ESP14,ESP14,ESP,14,Player,FALSE,Spain,H,Mikel Merino,Mikel Merino,,,,
ESP15,ESP15,ESP,15,Player,FALSE,Spain,H,Lamine Yamal,Lamine Yamal,,,,
ESP16,ESP16,ESP,16,Player,FALSE,Spain,H,Dani Olmo,Dani Olmo,,,,
ESP17,ESP17,ESP,17,Player,FALSE,Spain,H,Nico Williams,Nico Williams,,,,
ESP18,ESP18,ESP,18,Player,FALSE,Spain,H,Ferran Torres,Ferran Torres,,,,
ESP19,ESP19,ESP,19,Player,FALSE,Spain,H,Álvaro Morata,Álvaro Morata,,,,
ESP20,ESP20,ESP,20,Player,FALSE,Spain,H,Mikel Oyarzabal,Mikel Oyarzabal,,,,
CPV1,CPV1,CPV,1,Team Logo,TRUE,Cape Verde,H,Team Logo,,,,,
CPV2,CPV2,CPV,2,Player,FALSE,Cape Verde,H,Vozinha,Vozinha,,,,
CPV3,CPV3,CPV,3,Player,FALSE,Cape Verde,H,Logan Costa,Logan Costa,,,,
CPV4,CPV4,CPV,4,Player,FALSE,Cape Verde,H,Pico,Pico,,,,
CPV5,CPV5,CPV,5,Player,FALSE,Cape Verde,H,Diney,Diney,,,,
CPV6,CPV6,CPV,6,Player,FALSE,Cape Verde,H,Steven Moreira,Steven Moreira,,,,
CPV7,CPV7,CPV,7,Player,FALSE,Cape Verde,H,Wagner Pina,Wagner Pina,,,,
CPV8,CPV8,CPV,8,Player,FALSE,Cape Verde,H,Joao Paulo,Joao Paulo,,,,
CPV9,CPV9,CPV,9,Player,FALSE,Cape Verde,H,Yannick Semedo,Yannick Semedo,,,,
CPV10,CPV10,CPV,10,Player,FALSE,Cape Verde,H,Kevin Pina,Kevin Pina,,,,
CPV11,CPV11,CPV,11,Player,FALSE,Cape Verde,H,Patrick Andrade,Patrick Andrade,,,,
CPV12,CPV12,CPV,12,Player,FALSE,Cape Verde,H,Jamiro Monteiro,Jamiro Monteiro,,,,
CPV13,CPV13,CPV,13,Team Photo,FALSE,Cape Verde,H,Team Photo,,,,,
CPV14,CPV14,CPV,14,Player,FALSE,Cape Verde,H,Deroy Duarte,Deroy Duarte,,,,
CPV15,CPV15,CPV,15,Player,FALSE,Cape Verde,H,Garry Rodrigues,Garry Rodrigues,,,,
CPV16,CPV16,CPV,16,Player,FALSE,Cape Verde,H,Jovane Cabral,Jovane Cabral,,,,
CPV17,CPV17,CPV,17,Player,FALSE,Cape Verde,H,Ryan Mendes,Ryan Mendes,,,,
CPV18,CPV18,CPV,18,Player,FALSE,Cape Verde,H,Dailon Livramento,Dailon Livramento,,,,
CPV19,CPV19,CPV,19,Player,FALSE,Cape Verde,H,Willy Semedo,Willy Semedo,,,,
CPV20,CPV20,CPV,20,Player,FALSE,Cape Verde,H,Bebe,Bebe,,,,
KSA1,KSA1,KSA,1,Team Logo,TRUE,Saudi Arabia,H,Team Logo,,,,,
KSA2,KSA2,KSA,2,Player,FALSE,Saudi Arabia,H,Nawaf Alaqidi,Nawaf Alaqidi,,,,
KSA3,KSA3,KSA,3,Player,FALSE,Saudi Arabia,H,Abdulrahman Al-Sanbi,Abdulrahman Al-Sanbi,,,,
KSA4,KSA4,KSA,4,Player,FALSE,Saudi Arabia,H,Saud Abdulhamid,Saud Abdulhamid,,,,
KSA5,KSA5,KSA,5,Player,FALSE,Saudi Arabia,H,Nawaf Bouwashl,Nawaf Bouwashl,,,,
KSA6,KSA6,KSA,6,Player,FALSE,Saudi Arabia,H,Jihad Thakri,Jihad Thakri,,,,
KSA7,KSA7,KSA,7,Player,FALSE,Saudi Arabia,H,Moteb Al-Harbi,Moteb Al-Harbi,,,,
KSA8,KSA8,KSA,8,Player,FALSE,Saudi Arabia,H,Hassan Altambakti,Hassan Altambakti,,,,
KSA9,KSA9,KSA,9,Player,FALSE,Saudi Arabia,H,Musab Aljuwayr,Musab Aljuwayr,,,,
KSA10,KSA10,KSA,10,Player,FALSE,Saudi Arabia,H,Ziyad Aljohani,Ziyad Aljohani,,,,
KSA11,KSA11,KSA,11,Player,FALSE,Saudi Arabia,H,Abdullah Alkhaibari,Abdullah Alkhaibari,,,,
KSA12,KAS12,KSA,12,Player,FALSE,Saudi Arabia,H,Nasser Aldawsari,Nasser Aldawsari,,,,Corrected from KAS12
KSA13,KSA13,KSA,13,Team Photo,FALSE,Saudi Arabia,H,Team Photo,,,,,
KSA14,KSA14,KSA,14,Player,FALSE,Saudi Arabia,H,Saleh Abu Alshamat,Saleh Abu Alshamat,,,,
KSA15,KSA15,KSA,15,Player,FALSE,Saudi Arabia,H,Marwan Alsahafi,Marwan Alsahafi,,,,
KSA16,KSA16,KSA,16,Player,FALSE,Saudi Arabia,H,Salem Aldawsari,Salem Aldawsari,,,,
KSA17,KSA17,KSA,17,Player,FALSE,Saudi Arabia,H,Abdulrahman Al-Aboud,Abdulrahman Al-Aboud,,,,
KSA18,KSA18,KSA,18,Player,FALSE,Saudi Arabia,H,Feras Akbrikan,Feras Akbrikan,,,,
KSA19,KSA19,KSA,19,Player,FALSE,Saudi Arabia,H,Saleh Alshehri,Saleh Alshehri,,,,
KSA20,KSA20,KSA,20,Player,FALSE,Saudi Arabia,H,Abdullah Al-Hamdan,Abdullah Al-Hamdan,,,,
URU1,URU1,URU,1,Team Logo,TRUE,Uruguay,H,Team Logo,,,,,
URU2,URU2,URU,2,Player,FALSE,Uruguay,H,Sergio Rochet,Sergio Rochet,,,,
URU3,URU3,URU,3,Player,FALSE,Uruguay,H,Santiago Mele,Santiago Mele,,,,
URU4,URU4,URU,4,Player,FALSE,Uruguay,H,Ronald Araujo,Ronald Araujo,,,,
URU5,URU5,URU,5,Player,FALSE,Uruguay,H,José María Giménez,José María Giménez,,,,
URU6,URU6,URU,6,Player,FALSE,Uruguay,H,Sebastian Caceres,Sebastian Caceres,,,,
URU7,URU7,URU,7,Player,FALSE,Uruguay,H,Mathias Olivera,Mathias Olivera,,,,
URU8,URU8,URU,8,Player,FALSE,Uruguay,H,Guillermo Varela,Guillermo Varela,,,,
URU9,URU9,URU,9,Player,FALSE,Uruguay,H,Nahitan Nandez,Nahitan Nandez,,,,
URU10,URU10,URU,10,Player,FALSE,Uruguay,H,Federico Valverde,Federico Valverde,,,,
URU11,URU11,URU,11,Player,FALSE,Uruguay,H,Giorgian De Arrascaeta,Giorgian De Arrascaeta,,,,
URU12,URU12,URU,12,Player,FALSE,Uruguay,H,Rodrigo Bentancur,Rodrigo Bentancur,,,,
URU13,URU13,URU,13,Team Photo,FALSE,Uruguay,H,Team Photo,,,,,
URU14,URU14,URU,14,Player,FALSE,Uruguay,H,Manuel Ugarte,Manuel Ugarte,,,,
URU15,URU15,URU,15,Player,FALSE,Uruguay,H,Nicolás de la Cruz,Nicolás de la Cruz,,,,
URU16,URU16,URU,16,Player,FALSE,Uruguay,H,Maxi Araujo,Maxi Araujo,,,,
URU17,URU17,URU,17,Player,FALSE,Uruguay,H,Darwin Núñez,Darwin Núñez,,,,
URU18,URU18,URU,18,Player,FALSE,Uruguay,H,Federico Viñas,Federico Viñas,,,,
URU19,URU19,URU,19,Player,FALSE,Uruguay,H,Rodrigo Aguirre,Rodrigo Aguirre,,,,
URU20,URU20,URU,20,Player,FALSE,Uruguay,H,Facundo Pellistri,Facundo Pellistri,,,,
FRA1,FRA1,FRA,1,Team Logo,TRUE,France,I,Team Logo,,,,,
FRA2,FRA2,FRA,2,Player,FALSE,France,I,Mike Maignan,Mike Maignan,,,,
FRA3,FRA3,FRA,3,Player,FALSE,France,I,Theo Hernandez,Theo Hernandez,,,,
FRA4,FRA4,FRA,4,Player,FALSE,France,I,William Saliba,William Saliba,,,,
FRA5,FRA5,FRA,5,Player,FALSE,France,I,Jules Kounde,Jules Kounde,,,,
FRA6,FRA6,FRA,6,Player,FALSE,France,I,Ibrahima Konate,Ibrahima Konate,,,,
FRA7,FRA7,FRA,7,Player,FALSE,France,I,Dayot Upamecano,Dayot Upamecano,,,,
FRA8,FRA8,FRA,8,Player,FALSE,France,I,Lucas Digne,Lucas Digne,,,,
FRA9,FRA9,FRA,9,Player,FALSE,France,I,Aurélien Tchouaméni,Aurélien Tchouaméni,,,,
FRA10,FRA10,FRA,10,Player,FALSE,France,I,Eduardo Camavinga,Eduardo Camavinga,,,,
FRA11,FRA11,FRA,11,Player,FALSE,France,I,Manu Kone,Manu Kone,,,,
FRA12,FRA12,FRA,12,Player,FALSE,France,I,Adrien Rabiot,Adrien Rabiot,,,,
FRA13,FRA13,FRA,13,Team Photo,FALSE,France,I,Team Photo,,,,,
FRA14,FRA14,FRA,14,Player,FALSE,France,I,Michael Olise,Michael Olise,,,,
FRA15,FRA15,FRA,15,Player,FALSE,France,I,Ousmane Dembele,Ousmane Dembele,,,,
FRA16,FRA16,FRA,16,Player,FALSE,France,I,Bradley Barcola,Bradley Barcola,,,,
FRA17,FRA17,FRA,17,Player,FALSE,France,I,Désiré Doué,Désiré Doué,,,,
FRA18,FRA18,FRA,18,Player,FALSE,France,I,Kingsley Coman,Kingsley Coman,,,,
FRA19,FRA19,FRA,19,Player,FALSE,France,I,Hugo Ekitike,Hugo Ekitike,,,,
FRA20,FRA20,FRA,20,Player,FALSE,France,I,Kylian Mbappe,Kylian Mbappe,,,,
SEN1,SEN1,SEN,1,Team Logo,TRUE,Senegal,I,Team Logo,,,,,
SEN2,SEN2,SEN,2,Player,FALSE,Senegal,I,Edouard Mendy,Edouard Mendy,,,,
SEN3,SEN3,SEN,3,Player,FALSE,Senegal,I,Yehvann Diouf,Yehvann Diouf,,,,
SEN4,SEN4,SEN,4,Player,FALSE,Senegal,I,Moussa Niakhaté,Moussa Niakhaté,,,,
SEN5,SEN5,SEN,5,Player,FALSE,Senegal,I,Abdoulaye Seck,Abdoulaye Seck,,,,
SEN6,SEN6,SEN,6,Player,FALSE,Senegal,I,Ismail Jakobs,Ismail Jakobs,,,,
SEN7,SEN7,SEN,7,Player,FALSE,Senegal,I,El Hadji Malick Diouf,El Hadji Malick Diouf,,,,
SEN8,SEN8,SEN,8,Player,FALSE,Senegal,I,Kalidou Koulibaly,Kalidou Koulibaly,,,,
SEN9,SEN9,SEN,9,Player,FALSE,Senegal,I,Idrissa Gana Gueye,Idrissa Gana Gueye,,,,
SEN10,SEN10,SEN,10,Player,FALSE,Senegal,I,Pape Matar Sarr,Pape Matar Sarr,,,,
SEN11,SEN11,SEN,11,Player,FALSE,Senegal,I,Pape Gueye,Pape Gueye,,,,
SEN12,SEN12,SEN,12,Player,FALSE,Senegal,I,Habib Diarra,Habib Diarra,,,,
SEN13,SEN13,SEN,13,Team Photo,FALSE,Senegal,I,Team Photo,,,,,
SEN14,SEN14,SEN,14,Player,FALSE,Senegal,I,Lamine Camara,Lamine Camara,,,,
SEN15,SEN15,SEN,15,Player,FALSE,Senegal,I,Sadio Mane,Sadio Mane,,,,
SEN16,SEN16,SEN,16,Player,FALSE,Senegal,I,Ismaïla Sarr,Ismaïla Sarr,,,,
SEN17,SEN17,SEN,17,Player,FALSE,Senegal,I,Boulaye Dia,Boulaye Dia,,,,
SEN18,SEN18,SEN,18,Player,FALSE,Senegal,I,Iliman Ndiaye,Iliman Ndiaye,,,,
SEN19,SEN19,SEN,19,Player,FALSE,Senegal,I,Nicolas Jackson,Nicolas Jackson,,,,
SEN20,SEN20,SEN,20,Player,FALSE,Senegal,I,Krepin Diatta,Krepin Diatta,,,,
IRQ1,IRQ1,IRQ,1,Team Logo,TRUE,Iraq,I,Team Logo,,,,,
IRQ2,IRQ2,IRQ,2,Player,FALSE,Iraq,I,Jalal Hassan,Jalal Hassan,,,,
IRQ3,IRQ3,IRQ,3,Player,FALSE,Iraq,I,Rebin Sulaka,Rebin Sulaka,,,,
IRQ4,IRQ4,IRQ,4,Player,FALSE,Iraq,I,Hussein Ali,Hussein Ali,,,,
IRQ5,IRQ5,IRQ,5,Player,FALSE,Iraq,I,Akam Hashem,Akam Hashem,,,,
IRQ6,IRQ6,IRQ,6,Player,FALSE,Iraq,I,Merchas Doski,Merchas Doski,,,,
IRQ7,IRQ7,IRQ,7,Player,FALSE,Iraq,I,Zaid Tahseen,Zaid Tahseen,,,,
IRQ8,IRQ8,IRQ,8,Player,FALSE,Iraq,I,Manaf Younis,Manaf Younis,,,,
IRQ9,IRQ9,IRQ,9,Player,FALSE,Iraq,I,Zidane Iqbal,Zidane Iqbal,,,,
IRQ10,IRQ10,IRQ,10,Player,FALSE,Iraq,I,Amir Al-Ammari,Amir Al-Ammari,,,,
IRQ11,IRQ11,IRQ,11,Player,FALSE,Iraq,I,Ibrahim Bavesh,Ibrahim Bavesh,,,,
IRQ12,IRQ12,IRQ,12,Player,FALSE,Iraq,I,Ali Jasim,Ali Jasim,,,,
IRQ13,IRQ13,IRQ,13,Team Photo,FALSE,Iraq,I,Team Photo,,,,,
IRQ14,IRQ14,IRQ,14,Player,FALSE,Iraq,I,Youssef Amyn,Youssef Amyn,,,,
IRQ15,IRQ15,IRQ,15,Player,FALSE,Iraq,I,Aimar Sher,Aimar Sher,,,,
IRQ16,IRQ16,IRQ,16,Player,FALSE,Iraq,I,Marko Farji,Marko Farji,,,,
IRQ17,IRQ17,IRQ,17,Player,FALSE,Iraq,I,Osama Rashid,Osama Rashid,,,,
IRQ18,IRQ18,IRQ,18,Player,FALSE,Iraq,I,Ali Al-Hamadi,Ali Al-Hamadi,,,,
IRQ19,IRQ19,IRQ,19,Player,FALSE,Iraq,I,Aymen Hussein,Aymen Hussein,,,,
IRQ20,IRQ20,IRQ,20,Player,FALSE,Iraq,I,Mohanad Ali,Mohanad Ali,,,,
NOR1,NOR1,NOR,1,Team Logo,TRUE,Norway,I,Team Logo,,,,,
NOR2,NOR2,NOR,2,Player,FALSE,Norway,I,Orjan Nyland,Orjan Nyland,,,,
NOR3,NOR3,NOR,3,Player,FALSE,Norway,I,Julian Ryerson,Julian Ryerson,,,,
NOR4,NOR4,NOR,4,Player,FALSE,Norway,I,Leo Ostigård,Leo Ostigård,,,,
NOR5,NOR5,NOR,5,Player,FALSE,Norway,I,Kristoffer Vassbakk Ajer,Kristoffer Vassbakk Ajer,,,,
NOR6,NOR6,NOR,6,Player,FALSE,Norway,I,Marcus Holmgren Pedersen,Marcus Holmgren Pedersen,,,,
NOR7,NOR7,NOR,7,Player,FALSE,Norway,I,David Møller Wolfe,David Møller Wolfe,,,,
NOR8,NOR8,NOR,8,Player,FALSE,Norway,I,Torbjørn Heggem,Torbjørn Heggem,,,,
NOR9,NOR9,NOR,9,Player,FALSE,Norway,I,Morten Thorsby,Morten Thorsby,,,,
NOR10,NOR10,NOR,10,Player,FALSE,Norway,I,Martin Ødegaard,Martin Ødegaard,,,,
NOR11,NOR11,NOR,11,Player,FALSE,Norway,I,Sander Berge,Sander Berge,,,,
NOR12,NOR12,NOR,12,Player,FALSE,Norway,I,Andreas Schjelderup,Andreas Schjelderup,,,,
NOR13,NOR13,NOR,13,Team Photo,FALSE,Norway,I,Team Photo,,,,,
NOR14,NOR14,NOR,14,Player,FALSE,Norway,I,Patrick Berg,Patrick Berg,,,,
NOR15,NOR15,NOR,15,Player,FALSE,Norway,I,Erling Haaland,Erling Haaland,,,,
NOR16,NOR16,NOR,16,Player,FALSE,Norway,I,Alexander Sørloth,Alexander Sørloth,,,,
NOR17,NOR17,NOR,17,Player,FALSE,Norway,I,Aron Dønnum,Aron Dønnum,,,,
NOR18,NOR18,NOR,18,Player,FALSE,Norway,I,Jorgen Strand Larsen,Jorgen Strand Larsen,,,,
NOR19,NOR19,NOR,19,Player,FALSE,Norway,I,Antonio Nusa,Antonio Nusa,,,,
NOR20,NOR20,NOR,20,Player,FALSE,Norway,I,Oscar Bobb,Oscar Bobb,,,,
ARG1,ARG1,ARG,1,Team Logo,TRUE,Argentina,J,Team Logo,,,,,
ARG2,ARG2,ARG,2,Player,FALSE,Argentina,J,Emiliano Martinez,Emiliano Martinez,,,,
ARG3,ARG3,ARG,3,Player,FALSE,Argentina,J,Nahuel Molina,Nahuel Molina,,,,
ARG4,ARG4,ARG,4,Player,FALSE,Argentina,J,Cristian Romero,Cristian Romero,,,,
ARG5,ARG5,ARG,5,Player,FALSE,Argentina,J,Nicolas Otamendi,Nicolas Otamendi,,,,
ARG6,ARG6,ARG,6,Player,FALSE,Argentina,J,Nicolas Tagliafico,Nicolas Tagliafico,,,,
ARG7,ARG7,ARG,7,Player,FALSE,Argentina,J,Leonardo Balerdi,Leonardo Balerdi,,,,
ARG8,ARG8,ARG,8,Player,FALSE,Argentina,J,Enzo Fernandez,Enzo Fernandez,,,,
ARG9,ARG9,ARG,9,Player,FALSE,Argentina,J,Alexis Mac Allister,Alexis Mac Allister,,,,
ARG10,ARG10,ARG,10,Player,FALSE,Argentina,J,Rodrigo De Paul,Rodrigo De Paul,,,,
ARG11,ARG11,ARG,11,Player,FALSE,Argentina,J,Exequiel Palacios,Exequiel Palacios,,,,
ARG12,ARG12,ARG,12,Player,FALSE,Argentina,J,Leandro Paredes,Leandro Paredes,,,,
ARG13,ARG13,ARG,13,Team Photo,FALSE,Argentina,J,Team Photo,,,,,
ARG14,ARG14,ARG,14,Player,FALSE,Argentina,J,Nico Paz,Nico Paz,,,,
ARG15,ARG15,ARG,15,Player,FALSE,Argentina,J,Franco Mastantuono,Franco Mastantuono,,,,
ARG16,ARG16,ARG,16,Player,FALSE,Argentina,J,Nico Gonzalez,Nico Gonzalez,,,,
ARG17,ARG17,ARG,17,Player,FALSE,Argentina,J,Lionel Messi,Lionel Messi,,,,
ARG18,ARG18,ARG,18,Player,FALSE,Argentina,J,Lautaro Martinez,Lautaro Martinez,,,,
ARG19,ARG19,ARG,19,Player,FALSE,Argentina,J,Julian Alvarez,Julian Alvarez,,,,
ARG20,ARG20,ARG,20,Player,FALSE,Argentina,J,Giuliano Simeone,Giuliano Simeone,,,,
ALG1,ALG1,ALG,1,Team Logo,TRUE,Algeria,J,Team Logo,,,,,
ALG2,ALG2,ALG,2,Player,FALSE,Algeria,J,Alexis Guendouz,Alexis Guendouz,,,,
ALG3,ALG3,ALG,3,Player,FALSE,Algeria,J,Ramy Bensebaini,Ramy Bensebaini,,,,
ALG4,ALG4,ALG,4,Player,FALSE,Algeria,J,Youcef Atal,Youcef Atal,,,,
ALG5,ALG5,ALG,5,Player,FALSE,Algeria,J,Rayan Aït-Nouri,Rayan Aït-Nouri,,,,
ALG6,ALG6,ALG,6,Player,FALSE,Algeria,J,Mohamed Amine Tougai,Mohamed Amine Tougai,,,,
ALG7,ALG7,ALG,7,Player,FALSE,Algeria,J,Aïssa Mandi,Aïssa Mandi,,,,
ALG8,ALG8,ALG,8,Player,FALSE,Algeria,J,Ismael Bennacer,Ismael Bennacer,,,,
ALG9,ALG9,ALG,9,Player,FALSE,Algeria,J,Houssem Aquar,Houssem Aquar,,,,
ALG10,ALG10,ALG,10,Player,FALSE,Algeria,J,Hicham Boudaoui,Hicham Boudaoui,,,,
ALG11,ALG11,ALG,11,Player,FALSE,Algeria,J,Ramiz Zerrouki,Ramiz Zerrouki,,,,
ALG12,ALG12,ALG,12,Player,FALSE,Algeria,J,Nabil Bentalab,Nabil Bentalab,,,,
ALG13,ALG13,ALG,13,Team Photo,FALSE,Algeria,J,Team Photo,,,,,
ALG14,ALG14,ALG,14,Player,FALSE,Algeria,J,Farés Chaibi,Farés Chaibi,,,,
ALG15,ALG15,ALG,15,Player,FALSE,Algeria,J,Riyad Mahrez,Riyad Mahrez,,,,
ALG16,ALG16,ALG,16,Player,FALSE,Algeria,J,Said Benrahma,Said Benrahma,,,,
ALG17,ALG17,ALG,17,Player,FALSE,Algeria,J,Anis Hadj Moussa,Anis Hadj Moussa,,,,
ALG18,ALG18,ALG,18,Player,FALSE,Algeria,J,Amine Gouiri,Amine Gouiri,,,,
ALG19,ALG19,ALG,19,Player,FALSE,Algeria,J,Baghdad Bounedjah,Baghdad Bounedjah,,,,
ALG20,ALG20,ALG,20,Player,FALSE,Algeria,J,Mohammed Amoura,Mohammed Amoura,,,,
AUT1,AUT1,AUT,1,Team Logo,TRUE,Austria,J,Team Logo,,,,,
AUT2,AUT2,AUT,2,Player,FALSE,Austria,J,Alexander Schlager,Alexander Schlager,,,,
AUT3,AUT3,AUT,3,Player,FALSE,Austria,J,Patrick Pentz,Patrick Pentz,,,,
AUT4,AUT4,AUT,4,Player,FALSE,Austria,J,David Alaba,David Alaba,,,,
AUT5,AUT5,AUT,5,Player,FALSE,Austria,J,Kevin Danso,Kevin Danso,,,,
AUT6,AUT6,AUT,6,Player,FALSE,Austria,J,Philipp Lienhart,Philipp Lienhart,,,,
AUT7,AUT7,AUT,7,Player,FALSE,Austria,J,Stefan Posch,Stefan Posch,,,,
AUT8,AUT8,AUT,8,Player,FALSE,Austria,J,Phillipp Mwene,Phillipp Mwene,,,,
AUT9,AUT9,AUT,9,Player,FALSE,Austria,J,Alexander Prass,Alexander Prass,,,,
AUT10,AUT10,AUT,10,Player,FALSE,Austria,J,Xaver Schlager,Xaver Schlager,,,,
AUT11,AUT11,AUT,11,Player,FALSE,Austria,J,Marcel Sabitzer,Marcel Sabitzer,,,,
AUT12,AUT12,AUT,12,Player,FALSE,Austria,J,Konrad Laimer,Konrad Laimer,,,,
AUT13,AUT13,AUT,13,Team Photo,FALSE,Austria,J,Team Photo,,,,,
AUT14,AUT14,AUT,14,Player,FALSE,Austria,J,Florian Grillitsch,Florian Grillitsch,,,,
AUT15,AUT15,AUT,15,Player,FALSE,Austria,J,Nicolas Seiwald,Nicolas Seiwald,,,,
AUT16,AUT16,AUT,16,Player,FALSE,Austria,J,Romano Schmid,Romano Schmid,,,,
AUT17,AUT17,AUT,17,Player,FALSE,Austria,J,Patrick Wimmer,Patrick Wimmer,,,,
AUT18,AUT18,AUT,18,Player,FALSE,Austria,J,Christoph Baumgartner,Christoph Baumgartner,,,,
AUT19,AUT19,AUT,19,Player,FALSE,Austria,J,Michael Gregoritsch,Michael Gregoritsch,,,,
AUT20,AUT20,AUT,20,Player,FALSE,Austria,J,Marko Arnautović,Marko Arnautović,,,,
JOR1,JOR1,JOR,1,Team Logo,TRUE,Jordan,J,Team Logo,,,,,
JOR2,JOR2,JOR,2,Player,FALSE,Jordan,J,Yazeed Abulaila,Yazeed Abulaila,,,,
JOR3,JOR3,JOR,3,Player,FALSE,Jordan,J,Ihsan Haddad,Ihsan Haddad,,,,
JOR4,JOR4,JOR,4,Player,FALSE,Jordan,J,Mohammad Abu Hashish,Mohammad Abu Hashish,,,,
JOR5,JOR5,JOR,5,Player,FALSE,Jordan,J,Yazan Al-Arab,Yazan Al-Arab,,,,
JOR6,JOR6,JOR,6,Player,FALSE,Jordan,J,Abdallah Nasib,Abdallah Nasib,,,,
JOR7,JOR7,JOR,7,Player,FALSE,Jordan,J,Saleem Obaid,Saleem Obaid,,,,
JOR8,JOR8,JOR,8,Player,FALSE,Jordan,J,Mohammad Abualnadi,Mohammad Abualnadi,,,,
JOR9,JOR9,JOR,9,Player,FALSE,Jordan,J,Ibrahim Saadeh,Ibrahim Saadeh,,,,
JOR10,JOR10,JOR,10,Player,FALSE,Jordan,J,Nizar Al-Rashdan,Nizar Al-Rashdan,,,,
JOR11,JOR11,JOR,11,Player,FALSE,Jordan,J,Noor Al-Rawabdeh,Noor Al-Rawabdeh,,,,
JOR12,JOR12,JOR,12,Player,FALSE,Jordan,J,Mohannad Abu Taha,Mohannad Abu Taha,,,,
JOR13,JOR13,JOR,13,Team Photo,FALSE,Jordan,J,Team Photo,,,,,
JOR14,JOR14,JOR,14,Player,FALSE,Jordan,J,Amer Jamous,Amer Jamous,,,,
JOR15,JOR15,JOR,15,Player,FALSE,Jordan,J,Musa Al-Taamari,Musa Al-Taamari,,,,
JOR16,JOR16,JOR,16,Player,FALSE,Jordan,J,Yazan Al-Naimat,Yazan Al-Naimat,,,,
JOR17,JOR17,JOR,17,Player,FALSE,Jordan,J,Mahmoud Al-Mardi,Mahmoud Al-Mardi,,,,
JOR18,JOR18,JOR,18,Player,FALSE,Jordan,J,Ali Olwan,Ali Olwan,,,,
JOR19,JOR19,JOR,19,Player,FALSE,Jordan,J,Mohammad Abu Zrayq,Mohammad Abu Zrayq,,,,
JOR20,JOR20,JOR,20,Player,FALSE,Jordan,J,Ibrahim Sabra,Ibrahim Sabra,,,,
POR1,POR1,POR,1,Team Logo,TRUE,Portugal,K,Team Logo,,,,,
POR2,POR2,POR,2,Player,FALSE,Portugal,K,Diogo Costa,Diogo Costa,,,,
POR3,POR3,POR,3,Player,FALSE,Portugal,K,Jose Sa,Jose Sa,,,,
POR4,POR4,POR,4,Player,FALSE,Portugal,K,Ruben Dias,Ruben Dias,,,,
POR5,POR5,POR,5,Player,FALSE,Portugal,K,João Cancelo,João Cancelo,,,,
POR6,POR6,POR,6,Player,FALSE,Portugal,K,Diogo Dalot,Diogo Dalot,,,,
POR7,POR7,POR,7,Player,FALSE,Portugal,K,Nuno Mendes,Nuno Mendes,,,,
POR8,POR8,POR,8,Player,FALSE,Portugal,K,Gonçalo Inácio,Gonçalo Inácio,,,,
POR9,POR9,POR,9,Player,FALSE,Portugal,K,Bernardo Silva,Bernardo Silva,,,,
POR10,POR10,POR,10,Player,FALSE,Portugal,K,Bruno Fernandes,Bruno Fernandes,,,,
POR11,POR11,POR,11,Player,FALSE,Portugal,K,Ruben Neves,Ruben Neves,,,,
POR12,POR12,POR,12,Player,FALSE,Portugal,K,Vitinha,Vitinha,,,,
POR13,POR13,POR,13,Team Photo,FALSE,Portugal,K,Team Photo,,,,,
POR14,POR14,POR,14,Player,FALSE,Portugal,K,João Neves,João Neves,,,,
POR15,POR15,POR,15,Player,FALSE,Portugal,K,Cristiano Ronaldo,Cristiano Ronaldo,,,,
POR16,POR16,POR,16,Player,FALSE,Portugal,K,Francisco Trincao,Francisco Trincao,,,,
POR17,POR17,POR,17,Player,FALSE,Portugal,K,João Felix,João Felix,,,,
POR18,POR18,POR,18,Player,FALSE,Portugal,K,Gonçalo Ramos,Gonçalo Ramos,,,,
POR19,POR19,POR,19,Player,FALSE,Portugal,K,Pedro Neto,Pedro Neto,,,,
POR20,POR20,POR,20,Player,FALSE,Portugal,K,Rafael Leão,Rafael Leão,,,,
COD1,COD1,COD,1,Team Logo,TRUE,Congo DR,K,Team Logo,,,,,
COD2,COD2,COD,2,Player,FALSE,Congo DR,K,Lionel Mpasi,Lionel Mpasi,,,,
COD3,COD3,COD,3,Player,FALSE,Congo DR,K,Aaron Wan-Bissaka,Aaron Wan-Bissaka,,,,
COD4,COD4,COD,4,Player,FALSE,Congo DR,K,Axel Tuanzebe,Axel Tuanzebe,,,,
COD5,COD5,COD,5,Player,FALSE,Congo DR,K,Arthur Masuaku,Arthur Masuaku,,,,
COD6,COD6,COD,6,Player,FALSE,Congo DR,K,Chancel Mbemba,Chancel Mbemba,,,,
COD7,COD7,COD,7,Player,FALSE,Congo DR,K,Joris Kayembe,Joris Kayembe,,,,
COD8,COD8,COD,8,Player,FALSE,Congo DR,K,Charles Pickel,Charles Pickel,,,,
COD9,COD9,COD,9,Player,FALSE,Congo DR,K,Ngal'ayel Mukau,Ngal'ayel Mukau,,,,
COD10,COD10,COD,10,Player,FALSE,Congo DR,K,Edo Kayembe,Edo Kayembe,,,,
COD11,COD11,COD,11,Player,FALSE,Congo DR,K,Samuel Moutoussamy,Samuel Moutoussamy,,,,
COD12,COD12,COD,12,Player,FALSE,Congo DR,K,Noah Sadiki,Noah Sadiki,,,,
COD13,COD13,COD,13,Team Photo,FALSE,Congo DR,K,Team Photo,,,,,
COD14,COD14,COD,14,Player,FALSE,Congo DR,K,Théo Bongonda,Théo Bongonda,,,,
COD15,COD15,COD,15,Player,FALSE,Congo DR,K,Meschak Elia,Meschak Elia,,,,
COD16,COD16,COD,16,Player,FALSE,Congo DR,K,Yoane Wissa,Yoane Wissa,,,,
COD17,COD17,COD,17,Player,FALSE,Congo DR,K,Brian Cipenga,Brian Cipenga,,,,
COD18,COD18,COD,18,Player,FALSE,Congo DR,K,Fiston Mayele,Fiston Mayele,,,,
COD19,COD19,COD,19,Player,FALSE,Congo DR,K,Cédric Bakambu,Cédric Bakambu,,,,
COD20,COD20,COD,20,Player,FALSE,Congo DR,K,Nathanaël Mbuku,Nathanaël Mbuku,,,,
UZB1,UZB1,UZB,1,Team Logo,TRUE,Uzbekistan,K,Team Logo,,,,,
UZB2,UZB2,UZB,2,Player,FALSE,Uzbekistan,K,Utkir Yusupov,Utkir Yusupov,,,,
UZB3,UZB3,UZB,3,Player,FALSE,Uzbekistan,K,Farrukh Savfiev,Farrukh Savfiev,,,,
UZB4,UZB4,UZB,4,Player,FALSE,Uzbekistan,K,Sherzod Nasrullaev,Sherzod Nasrullaev,,,,
UZB5,UZB5,UZB,5,Player,FALSE,Uzbekistan,K,Umar Eshmurodov,Umar Eshmurodov,,,,
UZB6,UZB6,UZB,6,Player,FALSE,Uzbekistan,K,Husniddin Aliqulov,Husniddin Aliqulov,,,,
UZB7,UZB7,UZB,7,Player,FALSE,Uzbekistan,K,Rustamjon Ashurmatov,Rustamjon Ashurmatov,,,,
UZB8,UZB8,UZB,8,Player,FALSE,Uzbekistan,K,Khojiakbar Alijonov,Khojiakbar Alijonov,,,,
UZB9,UZB9,UZB,9,Player,FALSE,Uzbekistan,K,Abdukodir Khusanov,Abdukodir Khusanov,,,,
UZB10,UZB10,UZB,10,Player,FALSE,Uzbekistan,K,Odiljon Hamrobekov,Odiljon Hamrobekov,,,,
UZB11,UZB11,UZB,11,Player,FALSE,Uzbekistan,K,Otabek Shukurov,Otabek Shukurov,,,,
UZB12,UZB12,UZB,12,Player,FALSE,Uzbekistan,K,Jamshid Iskanderov,Jamshid Iskanderov,,,,
UZB13,UZB13,UZB,13,Team Photo,FALSE,Uzbekistan,K,Team Photo,,,,,
UZB14,UZB14,UZB,14,Player,FALSE,Uzbekistan,K,Azizbek Turgunboev,Azizbek Turgunboev,,,,
UZB15,UZB15,UZB,15,Player,FALSE,Uzbekistan,K,Khojimat Erkinov,Khojimat Erkinov,,,,
UZB16,UZB16,UZB,16,Player,FALSE,Uzbekistan,K,Eldor Shomurodov,Eldor Shomurodov,,,,
UZB17,UZB17,UZB,17,Player,FALSE,Uzbekistan,K,Oston Urunov,Oston Urunov,,,,
UZB18,UZB18,UZB,18,Player,FALSE,Uzbekistan,K,Jaloliddin Masharipov,Jaloliddin Masharipov,,,,
UZB19,UZB19,UZB,19,Player,FALSE,Uzbekistan,K,Igor Sergeev,Igor Sergeev,,,,
UZB20,UZB20,UZB,20,Player,FALSE,Uzbekistan,K,Abbosbek Fayzullaev,Abbosbek Fayzullaev,,,,
COL1,COL1,COL,1,Team Logo,TRUE,Colombia,K,Team Logo,,,,,
COL2,COL2,COL,2,Player,FALSE,Colombia,K,Camilo Vargas,Camilo Vargas,,,,
COL3,COL3,COL,3,Player,FALSE,Colombia,K,David Ospina,David Ospina,,,,
COL4,COL4,COL,4,Player,FALSE,Colombia,K,Dávinson Sánchez,Dávinson Sánchez,,,,
COL5,COL5,COL,5,Player,FALSE,Colombia,K,Yerry Mina,Yerry Mina,,,,
COL6,COL6,COL,6,Player,FALSE,Colombia,K,Daniel Munoz,Daniel Munoz,,,,
COL7,COL7,COL,7,Player,FALSE,Colombia,K,Johan Mojica,Johan Mojica,,,,
COL8,COL8,COL,8,Player,FALSE,Colombia,K,Jhon Lucumí,Jhon Lucumí,,,,
COL9,COL9,COL,9,Player,FALSE,Colombia,K,Santiago Arias,Santiago Arias,,,,
COL10,COL10,COL,10,Player,FALSE,Colombia,K,Jefferson Lerma,Jefferson Lerma,,,,
COL11,COL11,COL,11,Player,FALSE,Colombia,K,Kevin Castaño,Kevin Castaño,,,,
COL12,COL12,COL,12,Player,FALSE,Colombia,K,Richard Rios,Richard Rios,,,,
COL13,COL13,COL,13,Team Photo,FALSE,Colombia,K,Team Photo,,,,,
COL14,COL14,COL,14,Player,FALSE,Colombia,K,James Rodriguez,James Rodriguez,,,,
COL15,COL15,COL,15,Player,FALSE,Colombia,K,Juan Fernando Quintero,Juan Fernando Quintero,,,,
COL16,COL16,COL,16,Player,FALSE,Colombia,K,Jorge Carrascal,Jorge Carrascal,,,,
COL17,COL17,COL,17,Player,FALSE,Colombia,K,Jon Arias,Jon Arias,,,,
COL18,COL18,COL,18,Player,FALSE,Colombia,K,Jhon Cordova,Jhon Cordova,,,,
COL19,COL19,COL,19,Player,FALSE,Colombia,K,Luis Suarez,Luis Suarez,,,,
COL20,COL20,COL,20,Player,FALSE,Colombia,K,Luis Diaz,Luis Diaz,,,,
ENG1,ENG1,ENG,1,Team Logo,TRUE,England,L,Team Logo,,,,,
ENG2,ENG2,ENG,2,Player,FALSE,England,L,Jordan Pickford,Jordan Pickford,,,,
ENG3,ENG3,ENG,3,Player,FALSE,England,L,John Stones,John Stones,,,,
ENG4,ENG4,ENG,4,Player,FALSE,England,L,Marc Guéhi,Marc Guéhi,,,,
ENG5,ENG5,ENG,5,Player,FALSE,England,L,Ezri Konsa,Ezri Konsa,,,,
ENG6,ENG6,ENG,6,Player,FALSE,England,L,Trent Alexander-Arnold,Trent Alexander-Arnold,,,,
ENG7,ENG7,ENG,7,Player,FALSE,England,L,Reece James,Reece James,,,,
ENG8,ENG8,ENG,8,Player,FALSE,England,L,Dan Burn,Dan Burn,,,,
ENG9,ENG9,ENG,9,Player,FALSE,England,L,Jordan Henderson,Jordan Henderson,,,,
ENG10,ENG10,ENG,10,Player,FALSE,England,L,Declan Rice,Declan Rice,,,,
ENG11,ENG11,ENG,11,Player,FALSE,England,L,Jude Bellingham,Jude Bellingham,,,,
ENG12,ENG12,ENG,12,Player,FALSE,England,L,Cole Palmer,Cole Palmer,,,,
ENG13,ENG13,ENG,13,Team Photo,FALSE,England,L,Team Photo,,,,,
ENG14,ENG14,ENG,14,Player,FALSE,England,L,Morgan Rogers,Morgan Rogers,,,,
ENG15,ENG15,ENG,15,Player,FALSE,England,L,Anthony Gordon,Anthony Gordon,,,,
ENG16,ENG16,ENG,16,Player,FALSE,England,L,Phil Foden,Phil Foden,,,,
ENG17,ENG17,ENG,17,Player,FALSE,England,L,Bukayo Saka,Bukayo Saka,,,,
ENG18,ENG18,ENG,18,Player,FALSE,England,L,Harry Kane,Harry Kane,,,,
ENG19,ENG19,ENG,19,Player,FALSE,England,L,Marcus Rashford,Marcus Rashford,,,,
ENG20,ENG20,ENG,20,Player,FALSE,England,L,Ollie Watkins,Ollie Watkins,,,,
CRO1,CRO1,CRO,1,Team Logo,TRUE,Croatia,L,Team Logo,,,,,
CRO2,CRO2,CRO,2,Player,FALSE,Croatia,L,Dominik Livaković,Dominik Livaković,,,,
CRO3,CRO3,CRO,3,Player,FALSE,Croatia,L,Duje Caleta-Car,Duje Caleta-Car,,,,
CRO4,CRO4,CRO,4,Player,FALSE,Croatia,L,Josko Gvardiol,Josko Gvardiol,,,,
CRO5,CRO5,CRO,5,Player,FALSE,Croatia,L,Josip Stanišić,Josip Stanišić,,,,
CRO6,CRO6,CRO,6,Player,FALSE,Croatia,L,Luka Vušković,Luka Vušković,,,,
CRO7,CRO7,CRO,7,Player,FALSE,Croatia,L,Josip Sutalo,Josip Sutalo,,,,
CRO8,CRO8,CRO,8,Player,FALSE,Croatia,L,Kristijan Jakic,Kristijan Jakic,,,,
CRO9,CRO9,CRO,9,Player,FALSE,Croatia,L,Luka Modrić,Luka Modrić,,,,
CRO10,CRO10,CRO,10,Player,FALSE,Croatia,L,Mateo Kovacic,Mateo Kovacic,,,,
CRO11,CRO11,CRO,11,Player,FALSE,Croatia,L,Martin Baturina,Martin Baturina,,,,
CRO12,CRO12,CRO,12,Player,FALSE,Croatia,L,Lovro Majer,Lovro Majer,,,,
CRO13,CRO13,CRO,13,Team Photo,FALSE,Croatia,L,Team Photo,,,,,
CRO14,CRO14,CRO,14,Player,FALSE,Croatia,L,Mario Pasalic,Mario Pasalic,,,,
CRO15,CRO15,CRO,15,Player,FALSE,Croatia,L,Petar Sucic,Petar Sucic,,,,
CRO16,CRO16,CRO,16,Player,FALSE,Croatia,L,Ivan Perišić,Ivan Perišić,,,,
CRO17,CRO17,CRO,17,Player,FALSE,Croatia,L,Marco Pasalic,Marco Pasalic,,,,
CRO18,CRO18,CRO,18,Player,FALSE,Croatia,L,Ante Budimir,Ante Budimir,,,,
CRO19,CRO19,CRO,19,Player,FALSE,Croatia,L,Andrej Kramarić,Andrej Kramarić,,,,
CRO20,CRO20,CRO,20,Player,FALSE,Croatia,L,Franjo Ivanovic,Franjo Ivanovic,,,,
GHA1,GHA1,GHA,1,Team Logo,TRUE,Ghana,L,Team Logo,,,,,
GHA2,GHA2,GHA,2,Player,FALSE,Ghana,L,Lawrence Ati Zigi,Lawrence Ati Zigi,,,,
GHA3,GHA3,GHA,3,Player,FALSE,Ghana,L,Tariq Lamptey,Tariq Lamptey,,,,
GHA4,GHA4,GHA,4,Player,FALSE,Ghana,L,Mohammed Salisu,Mohammed Salisu,,,,
GHA5,GHA5,GHA,5,Player,FALSE,Ghana,L,Alidu Seidu,Alidu Seidu,,,,
GHA6,GHA6,GHA,6,Player,FALSE,Ghana,L,Alexander Djiku,Alexander Djiku,,,,
GHA7,GHA7,GHA,7,Player,FALSE,Ghana,L,Gideon Mensah,Gideon Mensah,,,,
GHA8,GHA8,GHA,8,Player,FALSE,Ghana,L,Caleb Yirenkyi,Caleb Yirenkyi,,,,
GHA9,GHA9,GHA,9,Player,FALSE,Ghana,L,Abdul Issahaku Fatawu,Abdul Issahaku Fatawu,,,,
GHA10,GHA10,GHA,10,Player,FALSE,Ghana,L,Thomas Partey,Thomas Partey,,,,
GHA11,GHA11,GHA,11,Player,FALSE,Ghana,L,Salis Abdul Samed,Salis Abdul Samed,,,,
GHA12,GHA12,GHA,12,Player,FALSE,Ghana,L,Kamaldeen Sulemana,Kamaldeen Sulemana,,,,
GHA13,GHA13,GHA,13,Team Photo,FALSE,Ghana,L,Team Photo,,,,,
GHA14,GHA14,GHA,14,Player,FALSE,Ghana,L,Mohammed Kudus,Mohammed Kudus,,,,
GHA15,GHA15,GHA,15,Player,FALSE,Ghana,L,Inaki Williams,Inaki Williams,,,,
GHA16,GHA16,GHA,16,Player,FALSE,Ghana,L,Jordan Ayew,Jordan Ayew,,,,
GHA17,GHA17,GHA,17,Player,FALSE,Ghana,L,Andrew Ayew,Andrew Ayew,,,,
GHA18,GHA18,GHA,18,Player,FALSE,Ghana,L,Joseph Paintsil,Joseph Paintsil,,,,
GHA19,GHA19,GHA,19,Player,FALSE,Ghana,L,Osman Bukari,Osman Bukari,,,,
GHA20,GHA20,GHA,20,Player,FALSE,Ghana,L,Antoine Semenyo,Antoine Semenyo,,,,
PAN1,PAN1,PAN,1,Team Logo,TRUE,Panama,L,Team Logo,,,,,
PAN2,PAN2,PAN,2,Player,FALSE,Panama,L,Orlando Mosquera,Orlando Mosquera,,,,
PAN3,PAN3,PAN,3,Player,FALSE,Panama,L,Luis Mejia,Luis Mejia,,,,
PAN4,PAN4,PAN,4,Player,FALSE,Panama,L,Fidel Escobar,Fidel Escobar,,,,
PAN5,PAN5,PAN,5,Player,FALSE,Panama,L,Andres Andrade,Andres Andrade,,,,
PAN6,PAN6,PAN,6,Player,FALSE,Panama,L,Michael Amir Murillo,Michael Amir Murillo,,,,
PAN7,PAN7,PAN,7,Player,FALSE,Panama,L,Eric Davis,Eric Davis,,,,
PAN8,PAN8,PAN,8,Player,FALSE,Panama,L,Jose Cordoba,Jose Cordoba,,,,
PAN9,PAN9,PAN,9,Player,FALSE,Panama,L,Cesar Blackman,Cesar Blackman,,,,
PAN10,PAN10,PAN,10,Player,FALSE,Panama,L,Cristian Martinez,Cristian Martinez,,,,
PAN11,PAN11,PAN,11,Player,FALSE,Panama,L,Aníbal Godoy,Aníbal Godoy,,,,
PAN12,PAN12,PAN,12,Player,FALSE,Panama,L,Adalberto Carrasquilla,Adalberto Carrasquilla,,,,
PAN13,PAN13,PAN,13,Team Photo,FALSE,Panama,L,Team Photo,,,,,
PAN14,PAN14,PAN,14,Player,FALSE,Panama,L,Édgar Bárcenas,Édgar Bárcenas,,,,
PAN15,PAN15,PAN,15,Player,FALSE,Panama,L,Carlos Harvey,Carlos Harvey,,,,
PAN16,PAN16,PAN,16,Player,FALSE,Panama,L,Ismael Díaz,Ismael Díaz,,,,
PAN17,PAN17,PAN,17,Player,FALSE,Panama,L,Jose Fajardo,Jose Fajardo,,,,
PAN18,PAN18,PAN,18,Player,FALSE,Panama,L,Cecilio Waterman,Cecilio Waterman,,,,
PAN19,PAN19,PAN,19,Player,FALSE,Panama,L,Jose Luiz Rodriguez,Jose Luiz Rodriguez,,,,
PAN20,PAN20,PAN,20,Player,FALSE,Panama,L,Alberto Quintero,Alberto Quintero,,,,
FWC9,FWC9,FWC,9,World Cup History,TRUE,,History,Italy 1934 - World Cup History,,,,,
FWC10,FWC10,FWC,10,World Cup History,TRUE,,History,Uruguay 1950 - World Cup History,,,,,
FWC11,FWC11,FWC,11,World Cup History,TRUE,,History,West Germany 1954 - World Cup History,,,,,
FWC12,FWC12,FWC,12,World Cup History,TRUE,,History,Brazil 1962 - World Cup History,,,,,
FWC13,FWC13,FWC,13,World Cup History,TRUE,,History,West Germany 1974 - World Cup History,,,,,
FWC14,FWC14,FWC,14,World Cup History,TRUE,,History,Argentina 1986 - World Cup History,,,,,
FWC15,FWC15,FWC,15,World Cup History,TRUE,,History,Brazil 1994 - World Cup History,,,,,
FWC16,FWC16,FWC,16,World Cup History,TRUE,,History,Brazil 2002 - World Cup History,,,,,
FWC17,FWC17,FWC,17,World Cup History,TRUE,,History,Italy 2006 - World Cup History,,,,,
FWC18,FWC18,FWC,18,World Cup History,TRUE,,History,Germany 2014 - World Cup History,,,,,
FWC19,FWC19,FWC,19,World Cup History,TRUE,,History,Argentina 2022 - World Cup History,,,,,
